tau_c,he3_he4_contrast,nv_contrast_10mK,thermal_recovery_time,mode_isolation_leak
1.6096532715e-05,5.2336351607e-01,1.2282688808e-01,2.9088640270e-07,5.1399779476e-04
1.5852792939e-05,5.1822620104e-01,1.3172105000e-01,2.8186301549e-07,5.1403774622e-04
2.6873842911e-04,5.1202878696e-01,2.4342843643e-01,2.4757600971e-07,2.6968407272e-04
1.5911695993e-05,5.1552831916e-01,1.2139596413e-01,3.0503788232e-07,5.1534033902e-04
5.2653528455e-05,5.1137494213e-01,2.0060145749e-01,2.5560894381e-07,2.7743229489e-04
8.8932101889e-05,5.0979733445e-01,1.6134980620e-01,2.5590635951e-07,2.6492968321e-04
1.6857749207e-05,5.2027052432e-01,1.1110809768e-01,3.1638489204e-07,5.1132382348e-04
1.6585789266e-05,5.2239672978e-01,1.2482463714e-01,3.1602519438e-07,5.1412210335e-04
1.5982626429e-05,5.1710449228e-01,1.2236165708e-01,3.0837782663e-07,5.1736416933e-04
1.5733407153e-05,5.1578167132e-01,1.2768045589e-01,3.0652282838e-07,5.1587520550e-04
1.0311880867e-04,5.0974145324e-01,1.7437677402e-01,2.5117732501e-07,2.8027545510e-04
5.2080968499e-05,5.1266688703e-01,2.4334076178e-01,2.5289191314e-07,2.8411474065e-04
1.6095945065e-05,5.1485296013e-01,1.2381705331e-01,3.0852261398e-07,5.1502709017e-04
1.5449888444e-05,5.1809563236e-01,1.0942167447e-01,3.1826485806e-07,5.1104634553e-04
1.7498207091e-05,5.1950811831e-01,1.2517412162e-01,3.2553538036e-07,5.2017089784e-04
1.5988425503e-05,5.2266089936e-01,1.3079633520e-01,3.1652337417e-07,5.1178035455e-04
5.5960612222e-05,5.1392247073e-01,2.0907508776e-01,2.5056014086e-07,2.6501218964e-04
2.0832060090e-04,5.0870738771e-01,2.1046156659e-01,2.5162330181e-07,2.7311462891e-04
1.5959143229e-05,5.2116504272e-01,1.2678184838e-01,3.2531558894e-07,5.1557950513e-04
9.5990865656e-05,5.5301566686e-01,4.1733919109e-02,3.9177582425e-07,6.0123695402e-04
1.6950698983e-05,5.2187430832e-01,1.1722386246e-01,3.2271870780e-07,5.1172502518e-04
2.9786941335e-05,5.1026763390e-01,2.1168877531e-01,2.5868253603e-07,2.7828382566e-04
1.8544463801e-04,5.5068658448e-01,-6.2514341157e-04,3.9919456857e-07,6.2202203136e-04
1.8172745900e-04,5.1252795272e-01,2.7129721966e-01,2.4972941522e-07,2.6995598516e-04
9.8113744276e-05,5.1115464168e-01,2.2585441554e-01,2.5564617333e-07,2.6864106886e-04
2.1201331615e-04,5.4925161264e-01,1.3002019427e-01,4.0019335282e-07,6.0373922145e-04
1.6198328873e-05,5.1553884131e-01,1.2261522814e-01,2.9921623377e-07,5.1939782580e-04
1.6243926440e-05,5.2232270769e-01,1.2177705977e-01,3.1629603617e-07,5.1180896774e-04
8.4381421607e-05,5.1308525154e-01,2.1360813317e-01,2.5222670932e-07,2.7791214525e-04
1.1419612592e-04,5.1117648300e-01,1.7647462947e-01,2.5690033074e-07,2.6911337194e-04
1.5853222695e-05,5.2095891989e-01,1.2863651383e-01,3.1572950037e-07,5.1273627446e-04
1.6793184992e-05,5.1968605107e-01,1.2824481490e-01,3.1248500069e-07,5.1448313579e-04
1.7767838428e-04,5.1292920209e-01,2.0716923956e-01,2.5406011413e-07,2.6391151360e-04
1.3708262688e-04,5.0967897619e-01,2.0789300441e-01,2.5209003589e-07,2.5902136139e-04
1.4435725689e-04,5.5165463052e-01,1.0543141114e-01,4.2369346491e-07,6.0656430871e-04
1.6006698477e-05,5.2417686293e-01,1.2032686621e-01,2.9122612895e-07,5.1312486718e-04
4.9967825584e-05,5.1235092967e-01,2.0398231157e-01,2.4968916994e-07,2.7343582375e-04
6.5214606230e-05,5.1378045741e-01,2.4839775161e-01,2.5242438389e-07,2.7621659083e-04
1.5985695725e-05,5.2216835207e-01,1.2655408320e-01,3.1487562745e-07,5.1481069199e-04
1.5859551845e-05,5.1854786329e-01,1.1221551272e-01,2.8572436965e-07,5.1385811002e-04
1.6912047191e-05,5.2265086702e-01,1.1753047596e-01,3.0188409778e-07,5.1095451626e-04
5.3486649838e-05,5.1230857719e-01,2.4478384840e-01,2.5845139066e-07,2.6569145197e-04
8.0223049079e-05,5.1450369117e-01,2.7222931483e-01,2.5670066725e-07,2.7944817154e-04
1.6247190393e-05,5.2304925803e-01,1.1874602919e-01,2.7355729902e-07,5.0816177117e-04
8.5683657046e-05,5.0972981852e-01,1.9457961884e-01,2.5878357026e-07,2.8114033245e-04
1.0483230465e-04,5.1301945380e-01,1.7312444135e-01,2.4922417455e-07,2.8984634025e-04
1.6067375600e-05,5.2373534854e-01,1.2764195302e-01,3.2833939477e-07,5.1511472599e-04
3.2771277213e-05,5.1154559337e-01,2.0463886767e-01,2.5790656887e-07,2.7531224530e-04
1.6580928904e-05,5.1317205088e-01,1.1323441601e-01,3.0234927500e-07,5.1615522972e-04
8.8530009373e-05,5.0979297433e-01,2.3859739659e-01,2.5692497288e-07,2.7563891931e-04
1.6329272640e-04,5.1241054004e-01,2.4207094600e-01,2.5970303320e-07,2.8555094802e-04
1.6549829430e-05,5.2486849224e-01,1.2416032274e-01,3.1127786917e-07,5.1893057698e-04
1.7025293581e-05,5.2018517002e-01,1.2284843059e-01,3.1976306060e-07,5.1538845666e-04
1.2558548619e-04,5.1157656175e-01,1.7926645271e-01,2.5997650916e-07,2.8432465063e-04
1.7423257092e-04,5.1254103155e-01,1.5810679405e-01,2.5266460016e-07,2.6922034646e-04
2.4286889101e-04,5.1347856860e-01,2.4006704797e-01,2.5557205419e-07,2.6889769664e-04
1.5731442623e-05,5.2374706193e-01,1.2684885074e-01,3.1413358647e-07,5.1634256790e-04
4.4260731228e-05,5.0973367931e-01,1.9223095034e-01,2.5210769167e-07,2.7327279166e-04
1.5842515762e-05,5.2068427311e-01,1.2354222156e-01,3.0263820898e-07,5.1541240156e-04
1.6893329538e-05,5.2372288405e-01,1.2503409741e-01,3.4129469277e-07,5.1703062029e-04
1.1107345665e-04,5.1353353534e-01,1.8776479746e-01,2.5069160741e-07,2.7557428101e-04
1.6522210745e-05,5.2383860007e-01,1.2191615959e-01,3.0564221594e-07,5.1736514037e-04
1.6357363022e-05,5.2133028670e-01,1.1472272091e-01,2.8887958405e-07,5.1211652310e-04
1.6215065513e-05,5.2435483534e-01,1.1294140189e-01,3.0120240084e-07,5.1168347273e-04
5.5499559275e-05,5.0927258616e-01,2.5045278891e-01,2.5506806259e-07,2.7801899756e-04
1.6284296533e-05,5.2335932879e-01,1.2426171841e-01,3.0994745754e-07,5.1031038229e-04
1.6293919298e-05,5.2134157869e-01,1.3530683086e-01,2.7409769161e-07,5.1153881302e-04
1.6536169706e-05,5.1847208100e-01,1.3309711237e-01,3.2658841324e-07,5.1408676308e-04
1.6543518652e-05,5.1980719460e-01,1.1375420452e-01,2.9938679401e-07,5.1452171951e-04
3.6401448665e-05,5.1083156097e-01,2.3085648839e-01,2.5170697682e-07,2.7359658223e-04
1.6481455129e-05,5.2259054362e-01,1.1894516559e-01,2.9015892526e-07,5.1431145596e-04
1.6534357451e-05,5.1676801220e-01,1.3460181968e-01,3.0709466831e-07,5.1757821056e-04
8.3743955290e-05,5.1146871561e-01,1.9338179471e-01,2.5177012663e-07,2.7259842904e-04
1.5920012290e-05,5.2596603603e-01,1.1746920480e-01,3.2483392943e-07,5.1672548801e-04
1.6045564082e-05,5.2674282872e-01,1.1478161283e-01,3.1519103589e-07,5.0730358470e-04
1.6314967800e-05,5.1875261592e-01,1.2525439585e-01,3.0680820891e-07,5.1803532423e-04
1.6412865810e-05,5.1381886310e-01,1.3724817743e-01,2.7112482498e-07,5.1386350937e-04
1.6301111883e-05,5.2360093575e-01,1.0875054048e-01,3.2242219833e-07,5.1187727970e-04
2.3107585951e-04,5.1188288644e-01,1.6866935223e-01,2.6023522818e-07,2.7510986578e-04
4.3700578292e-05,5.1501891374e-01,1.8584331531e-01,2.5213194685e-07,2.6916779792e-04
3.1272898720e-04,5.0978496351e-01,2.3371357083e-01,2.5474708878e-07,2.7581739414e-04
8.8649125445e-05,5.1451591865e-01,2.3406710881e-01,2.5254945995e-07,2.7699681795e-04
1.5823796654e-04,5.0827135527e-01,2.2416844426e-01,2.6073000011e-07,2.7592567682e-04
9.4067911145e-05,5.1380837768e-01,1.8178509282e-01,2.5582231685e-07,2.6023929734e-04
1.6330213701e-05,5.1973038492e-01,1.2773605596e-01,2.7537238124e-07,5.1274862379e-04
2.1303095280e-04,5.1349615751e-01,2.1390708045e-01,2.5849822564e-07,2.7215988517e-04
1.7109111324e-05,5.1201708942e-01,1.1860382701e-01,3.3024800405e-07,5.0636446645e-04
9.6589935154e-05,5.5051071498e-01,3.5447774488e-02,4.1943055450e-07,6.1767790812e-04
1.5166033309e-05,5.1844414966e-01,1.2332234936e-01,3.2684995636e-07,5.1303830815e-04
1.7402176249e-05,5.2339874118e-01,1.2290071980e-01,3.1624607049e-07,5.0992912657e-04
1.6545960774e-05,5.2380236428e-01,1.1956526889e-01,3.1882863540e-07,5.1397401675e-04
1.6626224152e-05,5.2305791458e-01,1.2002774037e-01,3.2185699422e-07,5.1368390655e-04
1.6127021780e-05,5.1673655451e-01,1.2504811467e-01,3.4037659782e-07,5.1028279854e-04
1.6998827872e-05,5.1513340015e-01,1.1596567147e-01,3.2487459514e-07,5.1279406090e-04
1.6078678015e-05,5.1987764360e-01,1.1514362566e-01,3.2228292343e-07,5.1528036318e-04
1.6524234740e-05,5.1373639985e-01,1.1899554710e-01,3.2379945722e-07,5.0947080992e-04
1.6195726271e-05,5.1896362610e-01,1.1808346944e-01,2.9313983138e-07,5.1809156220e-04
1.6367057449e-05,5.2259189101e-01,1.2039765795e-01,3.2018607421e-07,5.1703151458e-04
1.1145070746e-04,5.1282644424e-01,2.2806331045e-01,2.5464004423e-07,2.8453033107e-04
5.3435345026e-05,5.0939356093e-01,1.9807954854e-01,2.4853642440e-07,2.8598419629e-04
1.7052896937e-05,5.1582438893e-01,1.3491096319e-01,3.1270669140e-07,5.1446331104e-04
1.5600984172e-05,5.1438859470e-01,1.2965590713e-01,3.1428252626e-07,5.0904913090e-04
1.6066972476e-05,5.1541423695e-01,1.3022339289e-01,3.2331517498e-07,5.1696012068e-04
1.5782728853e-05,5.1964413934e-01,1.1779657589e-01,3.2935781114e-07,5.1860187820e-04
1.6422239363e-05,5.2378251749e-01,1.3552416906e-01,3.2418995410e-07,5.1303075694e-04
6.5212800887e-05,5.1164746829e-01,2.2795675549e-01,2.5086006725e-07,2.7615779124e-04
1.6346573829e-05,5.2556811373e-01,1.2732894860e-01,3.1462685659e-07,5.1659712450e-04
1.6333627348e-05,5.2406422026e-01,1.1788442781e-01,2.8746179697e-07,5.0661933832e-04
1.5949312476e-05,5.1997131781e-01,1.0331943565e-01,2.9796965209e-07,5.1487773556e-04
1.6794108886e-05,5.1316392180e-01,1.3137792096e-01,3.0236788327e-07,5.1699505179e-04
3.2863001985e-05,5.0988151128e-01,1.8025986304e-01,2.5767487279e-07,2.7860523336e-04
1.6784052455e-04,5.5366808554e-01,-1.0961712639e-02,4.1049154245e-07,5.9912514162e-04
1.6684928377e-05,5.1982977127e-01,1.2648147180e-01,3.0794564536e-07,5.0564082600e-04
1.6345646313e-05,5.1887174951e-01,1.2507476547e-01,3.1197438027e-07,5.1786576143e-04
1.5928746246e-05,5.1129229559e-01,1.3307746255e-01,3.3194716122e-07,5.1503637432e-04
1.7128149488e-05,5.1862354015e-01,1.3145920789e-01,2.9707070629e-07,5.0803797836e-04
7.6016476638e-05,5.1510741510e-01,2.4228291316e-01,2.5559611135e-07,2.8919560542e-04
1.6690365000e-05,5.1940758563e-01,1.2769449979e-01,3.1758720914e-07,5.1597408013e-04
1.4662254710e-04,5.1152600683e-01,2.1860122466e-01,2.5030948898e-07,2.7354171015e-04
7.3765470272e-05,5.1417744540e-01,2.0807182585e-01,2.4975500747e-07,2.5583202285e-04
1.3419430396e-04,5.1046358767e-01,2.3054255249e-01,2.5252035934e-07,2.5939371794e-04
9.5104530376e-05,5.1223405758e-01,2.6037447584e-01,2.5743925218e-07,2.7711455320e-04
2.8276794578e-04,5.4893251236e-01,8.8712413448e-02,4.1206751390e-07,5.9438651738e-04
8.8756373475e-05,5.1254418977e-01,2.1484931743e-01,2.5103725976e-07,2.7011185147e-04
2.6048672574e-05,5.1208357460e-01,1.8565816932e-01,2.4613991396e-07,2.6601904879e-04
1.6682498907e-04,5.4977220271e-01,1.3689592621e-01,4.0422429455e-07,6.0444191296e-04
1.5708752547e-05,5.2065985820e-01,1.1748563378e-01,2.8348031920e-07,5.1458684315e-04
1.6116113495e-05,5.1858283096e-01,1.2130943739e-01,3.1415187792e-07,5.1571683177e-04
1.4846781268e-05,5.1943311281e-01,1.2470842820e-01,3.1773682558e-07,5.1253503218e-04
1.2668792732e-04,5.0787310189e-01,2.2286693012e-01,2.6216741723e-07,2.6860770519e-04
1.6456323444e-05,5.2431361782e-01,1.2797335949e-01,2.9838087012e-07,5.0693178042e-04
1.7459146069e-05,5.1711027810e-01,1.2974959815e-01,2.7691136213e-07,5.1795431005e-04
8.8050801844e-05,5.0929259588e-01,2.3183521197e-01,2.6191004433e-07,2.7756955726e-04
1.6690636259e-05,5.2009696381e-01,1.2872231399e-01,3.1154848597e-07,5.0960487226e-04
1.5462292519e-05,5.2173310197e-01,1.2466982631e-01,3.1081459467e-07,5.1454270865e-04
1.7351584990e-05,5.1639154308e-01,1.3896962517e-01,3.1345997778e-07,5.2095746940e-04
1.5760539586e-05,5.1393022719e-01,1.2811294983e-01,3.2473055082e-07,5.1600805926e-04
1.1999925762e-04,5.1128568682e-01,1.8827701756e-01,2.6343173363e-07,2.7853099813e-04
1.6333481651e-05,5.1555183968e-01,1.2645457983e-01,2.9483923817e-07,5.1193484377e-04
1.6358847313e-05,5.1672366427e-01,1.2625183449e-01,2.8137549783e-07,5.1682732122e-04
5.3393006856e-05,5.0880369995e-01,2.2901838056e-01,2.5510104355e-07,2.7179790951e-04
9.5720582044e-05,5.1206072013e-01,2.4180088537e-01,2.5523388482e-07,2.7937753344e-04
1.6671459752e-05,5.1274037081e-01,1.0893678429e-01,3.0496005335e-07,5.0778301756e-04
1.2760268071e-04,5.5061985220e-01,7.0596346136e-02,4.1691434866e-07,6.1359083939e-04
1.5953990179e-05,5.1918610306e-01,1.3459388377e-01,3.0438627470e-07,5.1485446134e-04
6.6536602004e-05,5.0972480700e-01,2.4987904114e-01,2.5291330061e-07,2.8681098328e-04
1.6081761799e-05,5.1640062961e-01,1.1406125726e-01,3.0536574818e-07,5.1723694915e-04
1.7044388151e-05,5.1883365339e-01,1.1838242459e-01,3.1242399362e-07,5.1311504325e-04
1.6037524982e-04,5.1052235852e-01,2.6545787116e-01,2.5470706355e-07,2.6956032782e-04
1.5709202809e-05,5.1600520716e-01,1.1446366516e-01,3.3599896836e-07,5.1572636662e-04
1.3732060381e-04,5.5192146851e-01,1.9957007022e-01,4.1085580496e-07,5.8943934014e-04
8.7579651121e-05,5.0972322937e-01,1.9120360630e-01,2.5599296666e-07,2.6967939152e-04
5.1784076703e-05,5.1159518360e-01,1.7712325123e-01,2.4977856790e-07,2.8077957444e-04
9.0407143041e-05,5.1189257957e-01,2.5945163735e-01,2.5329448619e-07,2.7669401208e-04
4.9669980633e-05,5.0893732966e-01,2.2853637874e-01,2.5687460222e-07,2.6865670953e-04
1.6126015575e-05,5.1682218403e-01,1.1685802994e-01,3.1131562558e-07,5.0900266638e-04
1.5682890685e-05,5.2567990827e-01,1.2094426210e-01,3.2483707692e-07,5.0973226816e-04
8.2612965523e-05,5.1323555804e-01,2.0554487045e-01,2.5295482844e-07,2.6651872811e-04
1.6640541244e-05,5.1900855502e-01,1.1334843444e-01,2.8839327550e-07,5.0703548092e-04
9.7911263295e-05,5.1443599839e-01,2.2844975141e-01,2.5530630392e-07,2.7412954282e-04
3.0931004031e-05,5.0951023399e-01,2.3688221418e-01,2.5576296310e-07,2.5899678749e-04
1.6491862233e-05,5.2094529285e-01,1.1412395607e-01,3.1296738434e-07,5.1569572237e-04
8.0301415963e-05,5.0913675957e-01,2.3688500315e-01,2.5536143299e-07,2.7809845392e-04
1.5942903698e-04,5.1150906765e-01,2.3806623339e-01,2.5331582594e-07,2.7062656587e-04
4.4001204362e-05,5.0671167023e-01,1.8961056574e-01,2.5991495939e-07,2.7446593637e-04
1.5599746559e-05,5.2667944016e-01,1.1065168546e-01,3.2474391239e-07,5.1619301231e-04
1.6018194659e-05,5.2271764432e-01,1.2566249651e-01,3.0868523464e-07,5.0639578146e-04
1.0378862247e-04,5.4880055482e-01,9.1110760315e-02,4.0616538472e-07,5.8292523405e-04
1.6119490497e-05,5.2357982377e-01,1.3325163077e-01,3.2217790404e-07,5.1864127957e-04
1.5472309923e-04,5.0964118825e-01,1.9613611284e-01,2.4969514128e-07,2.6580459756e-04
1.6654161405e-05,5.1903162120e-01,1.2515211461e-01,3.0724493801e-07,5.0586635208e-04
1.7325483486e-05,5.1824681964e-01,1.2006351843e-01,3.0093984544e-07,5.1619803641e-04
2.2965025756e-05,5.1153463087e-01,2.3573442454e-01,2.5506619114e-07,2.7388807740e-04
4.1062700690e-05,5.1248812886e-01,1.8331184652e-01,2.5856684843e-07,2.8618586590e-04
9.3252590782e-05,5.1305833324e-01,1.9101354921e-01,2.5019463274e-07,2.6540136872e-04
1.5778751386e-05,5.1831845143e-01,1.1883521206e-01,3.1462124888e-07,5.0951640899e-04
1.6549952743e-04,5.0810802654e-01,2.4163995500e-01,2.5691476848e-07,2.7728062935e-04
1.7429178791e-05,5.2028182292e-01,1.2592553085e-01,3.0248560127e-07,5.0960371328e-04
1.6207759229e-05,5.1162821240e-01,1.3736101450e-01,3.1324295706e-07,5.0888853222e-04
1.1888146720e-04,5.5136193759e-01,9.6743468004e-02,3.9353977939e-07,6.0337929603e-04
1.0071199665e-04,5.1074980271e-01,2.4934280737e-01,2.5877885887e-07,2.8182337168e-04
1.6458994655e-05,5.2150017601e-01,1.0338828878e-01,3.1074013705e-07,5.0697560814e-04
2.2694644497e-04,5.1521178129e-01,1.7851651334e-01,2.5001897220e-07,2.7515419426e-04
1.0691585245e-04,5.1273332527e-01,2.0345324262e-01,2.5482412380e-07,2.7135455098e-04
1.6437999954e-05,5.1551869674e-01,1.0768267249e-01,2.9512750524e-07,5.0890878882e-04
1.5845425365e-05,5.1390590110e-01,1.2733539626e-01,3.0137050262e-07,5.1828509035e-04
1.7805356301e-04,5.1378705708e-01,2.4430083792e-01,2.5358304406e-07,2.7329934598e-04
1.0677610998e-04,5.1264307102e-01,2.1007720490e-01,2.5298914492e-07,2.7370214722e-04
1.5820582729e-05,5.2046263954e-01,1.2652649749e-01,3.1600810816e-07,5.1329635246e-04
8.9670758856e-05,5.1257746260e-01,2.3631733936e-01,2.5271519197e-07,2.7058392735e-04
1.6203223067e-05,5.1807159709e-01,1.1886784477e-01,3.0608768826e-07,5.1128873997e-04
8.4260712554e-05,5.1123112355e-01,1.8575181065e-01,2.5159682040e-07,2.6974486217e-04
8.1063733069e-05,5.0986739418e-01,2.5248724925e-01,2.5580799467e-07,2.7631354268e-04
1.5827933944e-05,5.2766888463e-01,1.2182703560e-01,3.1799146308e-07,5.1528141309e-04
2.2456376294e-04,5.0899108741e-01,2.1479084461e-01,2.5337433053e-07,2.6822784674e-04
1.2396981718e-04,5.1279880012e-01,1.9832321923e-01,2.5269710411e-07,2.7950503444e-04
1.9433062931e-04,5.0994880985e-01,2.4241780802e-01,2.5071269838e-07,2.8024846347e-04
1.5945310060e-05,5.2097035395e-01,1.1730159593e-01,2.9720238265e-07,5.1425798712e-04
1.6899702676e-05,5.2277103577e-01,1.2084958477e-01,2.7849946419e-07,5.1005190539e-04
1.6417819796e-04,5.1327368775e-01,2.0785021619e-01,2.5834379972e-07,2.6290827853e-04
