parameter_id,name,symbol,unit,mode,value,min,max,distribution,sampled_yes_no,derived_yes_no,source_type,validation_status,gate_dependencies,risk_dependencies,category,notes
P0001,T_fridge,T_fridge,K,ABCD,0.01,,,lognormal,YES,NO,Oxford Triton 200,CONDITIONAL,,,ASSUMED_UNCERTAIN,from parameter_registry.csv; uncertainty=+-0.5mK
P0002,P_cool_MC,P_cool_MC,W,ABCD,0.0002,,,lognormal,YES,NO,Oxford Triton 200,CONDITIONAL,,,ASSUMED_UNCERTAIN,from parameter_registry.csv; uncertainty=+-20%
P0003,P_cool_4K,P_cool_4K,W,AB,1.5,,,lognormal,YES,NO,Oxford Triton 200,CONDITIONAL,,,ASSUMED_UNCERTAIN,from parameter_registry.csv; uncertainty=+-20%
P0004,T_4K_plate,T_4K_plate,K,ABCD,4.0,,,lognormal,YES,NO,Oxford Triton 200,CONDITIONAL,,,ASSUMED_UNCERTAIN,from parameter_registry.csv; uncertainty=+-0.1K
P0005,gamma_NV,gamma_NV,rad/s/T,D,176086268233.70792,,,lognormal,YES,NO,NIST,CONDITIONAL,,,ASSUMED_UNCERTAIN,from parameter_registry.csv; uncertainty=0.01%
P0006,gamma_He3,gamma_He3,rad/s/T,D,203788832.2530627,,,lognormal,YES,NO,NIST,CONDITIONAL,,,ASSUMED_UNCERTAIN,from parameter_registry.csv; uncertainty=0.01%
P0007,alpha_K_Ag,alpha_K_Ag,W/m2/K4,D,2000.0,,,lognormal,YES,NO,Pobell 2007 A6.2,CONDITIONAL,,,ASSUMED_UNCERTAIN,from parameter_registry.csv; uncertainty=+-20%
P0008,kappa_Kev_4K,kappa_Kev_4K,W/m/K,ABCD,0.04,,,lognormal,YES,NO,Rule 1996 Cryo.36:283,CONDITIONAL,,,ASSUMED_UNCERTAIN,from parameter_registry.csv; uncertainty=+-20%
P0009,kappa_G10_4K,kappa_G10_4K,W/m/K,ABCD,0.0048,,,lognormal,YES,NO,Runyan 2008 Cryo.48:448,CONDITIONAL,,,ASSUMED_UNCERTAIN,from parameter_registry.csv; uncertainty=+-20%
P0010,f_th_NV,f_th_NV,,D,0.544,,,lognormal,YES,NO,Doherty 2013,CONDITIONAL,,,ASSUMED_UNCERTAIN,from parameter_registry.csv; uncertainty=+-5%
P0011,eta_QY_NV,eta_QY_NV,,D,0.7,,,lognormal,YES,NO,Doherty 2013,CONDITIONAL,,,ASSUMED_UNCERTAIN,from parameter_registry.csv; uncertainty=+-10%
P0012,F_abl_diamond,F_abl_diamond,J/m2,D,10000.0,,,lognormal,YES,NO,Diamond lit.,CONDITIONAL,,,ASSUMED_UNCERTAIN,from parameter_registry.csv; uncertainty=+-50%
P0013,s_H2_Cu_4K,s_H2_Cu_4K,,B,0.3,,,lognormal,YES,NO,Benvenuti 1999,CONDITIONAL,,,ASSUMED_UNCERTAIN,from parameter_registry.csv; uncertainty=+-50%
P0014,G_sw_open,G_sw_open,W/K,AB,1e-08,,,lognormal,YES,NO,Al SC switch SC state; Pobell 2007,CONDITIONAL,,,ASSUMED_UNCERTAIN,from parameter_registry.csv; uncertainty=factor 10x
P0015,B_c_Al,B_c_Al,T,ACD,0.01,,,lognormal,YES,NO,Al critical field 10mK,CONDITIONAL,,,ASSUMED_UNCERTAIN,from parameter_registry.csv; uncertainty=+-1mT
P0016,P_H2_postbake,P_H2_postbake,Pa,B,5e-12,,,lognormal,YES,NO,CERN Outgassing 2020,CONDITIONAL,,,ASSUMED_UNCERTAIN,from parameter_registry.csv; uncertainty=order mag
P0017,G_eff,G_eff,W/K,D,1e-05,,,lognormal,YES,NO,Design; Kapitza; NOT MEASURED,CONDITIONAL,,,ASSUMED_UNCERTAIN,from parameter_registry.csv; uncertainty=factor 10x
P0018,G_eff_meas,G_eff_meas,W/K,D,,,,uniform,YES,NO,Step-response not done,BLOCKED,,,MEASURED_REQUIRED,from parameter_registry.csv; uncertainty=blocks PASS
P0019,A_sinter,A_sinter,m2,D,,,,uniform,YES,NO,45cm2 design; NOT FABRICATED,BLOCKED,,,MEASURED_REQUIRED,from parameter_registry.csv; uncertainty=blocks PASS
P0020,P_cond_wiring,P_cond_wiring,W,D,2.46e-09,,,lognormal,YES,NO,NbTi/Cu wiring; not measured,CONDITIONAL,,,ASSUMED_UNCERTAIN,from parameter_registry.csv; uncertainty=+-50%
P0021,eta_abs,eta_abs,,D,0.05,,,lognormal,YES,NO,NV absorption; NOT MEASURED,CONDITIONAL,,,ASSUMED_UNCERTAIN,from parameter_registry.csv; uncertainty=factor 3x
P0022,E_pulse,E_pulse,J,D,5e-11,,,lognormal,YES,NO,Design,CONDITIONAL,,,ASSUMED_UNCERTAIN,from parameter_registry.csv; uncertainty=+-20%
P0023,f_rep,f_rep,Hz,D,200.0,,,lognormal,YES,NO,Design,CONDITIONAL,,,ASSUMED_UNCERTAIN,from parameter_registry.csv; uncertainty=+-factor2
P0024,r_spot,r_spot,m,D,3.61e-07,,,lognormal,YES,NO,SRIM/NA estimate,CONDITIONAL,,,ASSUMED_UNCERTAIN,from parameter_registry.csv; uncertainty=+-50%
P0025,P_LCVD,P_LCVD,W,A,0.05,,,lognormal,YES,NO,Typical LCVD spot,CONDITIONAL,,,ASSUMED_UNCERTAIN,from parameter_registry.csv; uncertainty=factor 3x
P0026,P_mw,P_mw,W,D,1e-09,,,lognormal,YES,NO,Design; not measured in cryo,CONDITIONAL,,,ASSUMED_UNCERTAIN,from parameter_registry.csv; uncertainty=+-factor2
P0027,Z0_CPW,Z0_CPW,Ohm,D,50.0,,,lognormal,YES,NO,Design,CONDITIONAL,,,ASSUMED_UNCERTAIN,from parameter_registry.csv; uncertainty=+-1Ohm
P0028,w_CPW,w_CPW,m,D,5e-06,,,lognormal,YES,NO,Design,CONDITIONAL,,,ASSUMED_UNCERTAIN,from parameter_registry.csv; uncertainty=+-1um
P0029,d_NV,d_NV,m,D,1e-08,,,lognormal,YES,NO,SRIM estimate; not measured,CONDITIONAL,,,ASSUMED_UNCERTAIN,from parameter_registry.csv; uncertainty=factor 2x
P0030,T2s_bare,T2s_bare,s,D,1e-05,,,lognormal,YES,NO,Literature; NOT this sample,CONDITIONAL,,,ASSUMED_UNCERTAIN,from parameter_registry.csv; uncertainty=factor 3x
P0031,C_contr,C_contr,,D,0.1,,,lognormal,YES,NO,NOT measured in cryo,CONDITIONAL,,,ASSUMED_UNCERTAIN,from parameter_registry.csv; uncertainty=blocks PASS G23
P0032,eta_col,eta_col,,D,0.0635,,,lognormal,YES,NO,Free-space chain; not calibrated,CONDITIONAL,,,ASSUMED_UNCERTAIN,from parameter_registry.csv; uncertainty=factor 3x
P0033,dark_cps,dark_cps,cps,D,250.0,,,lognormal,YES,NO,Excelitas SPCM spec,CONDITIONAL,,,ASSUMED_UNCERTAIN,from parameter_registry.csv; uncertainty=+-50%
P0034,tau_c,tau_c,s,D,,,,uniform,YES,NO,PRIMARY BOTTLENECK; not measured,BLOCKED,,,MEASURED_REQUIRED,from parameter_registry.csv; uncertainty=blocks PASS
P0035,C_contr_10mK,C_contr_10mK,,D,,,,uniform,YES,NO,Gate 23; not measured,BLOCKED,,,MEASURED_REQUIRED,from parameter_registry.csv; uncertainty=blocks PASS
P0036,RGA_P_CH4,RGA_P_CH4,Pa,B,,,,uniform,YES,NO,RGA not performed,BLOCKED,,,MEASURED_REQUIRED,from parameter_registry.csv; uncertainty=blocks Mode B
P0037,RGA_P_H2,RGA_P_H2,Pa,B,,,,uniform,YES,NO,RGA not performed,BLOCKED,,,MEASURED_REQUIRED,from parameter_registry.csv; uncertainty=blocks Mode B
P0038,s_He,s_He,,D,1.0,,,lognormal,YES,NO,UNKNOWN for F-diamond; assume 1,CONDITIONAL,,,ASSUMED_UNCERTAIN,from parameter_registry.csv; uncertainty=blocks PASS
P0039,E_b_He_kB,E_b_He_kB,K,D,30.0,,,lognormal,YES,NO,He/graphite proxy; diamond unknown,CONDITIONAL,,,ASSUMED_UNCERTAIN,from parameter_registry.csv; uncertainty=factor 2x
P0040,n_s_target,n_s_target,m-2,D,3.3e+18,,,lognormal,YES,NO,Design,CONDITIONAL,,,ASSUMED_UNCERTAIN,from parameter_registry.csv; uncertainty=+-50%
P0041,P_CH4_work,P_CH4_work,Pa,A,0.0001,,,lognormal,YES,NO,Typical LCVD working pressure,CONDITIONAL,,,ASSUMED_UNCERTAIN,from parameter_registry.csv; uncertainty=factor 10x
P0042,P_CH4_purge_tgt,P_CH4_purge_tgt,Pa,B,5e-12,,,lognormal,YES,NO,Required before He-3 dosing,CONDITIONAL,,,ASSUMED_UNCERTAIN,from parameter_registry.csv; uncertainty=criterion
P0043,bakeout_done,bakeout_done,,B,0,,,lognormal,YES,NO,Not yet executed,CONDITIONAL,,,ASSUMED_UNCERTAIN,from parameter_registry.csv; uncertainty=bool
P0044,cryotrap_4K,cryotrap_4K,,B,0,,,lognormal,YES,NO,Not yet installed,CONDITIONAL,,,ASSUMED_UNCERTAIN,from parameter_registry.csv; uncertainty=bool
P0045,NEG_pump,NEG_pump,,B,0,,,lognormal,YES,NO,Not yet installed,CONDITIONAL,,,ASSUMED_UNCERTAIN,from parameter_registry.csv; uncertainty=bool
P0046,S_vib,S_vib,m2/Hz,CD,1e-10,,,lognormal,YES,NO,Oxford Triton spec; NOT measured here,CONDITIONAL,,,ASSUMED_UNCERTAIN,from parameter_registry.csv; uncertainty=factor 10x
P0047,t_growth,t_growth,s,A,30.0,,,lognormal,YES,NO,Design growth pulse,CONDITIONAL,,,ASSUMED_UNCERTAIN,from parameter_registry.csv; uncertainty=+-factor3
P0048,t_purge_min,t_purge_min,s,B,7200.0,,,lognormal,YES,NO,Min pumpout; outgassing dominated,CONDITIONAL,,,ASSUMED_UNCERTAIN,from parameter_registry.csv; uncertainty=+0/-50%
P0049,t_vib_settle,t_vib_settle,s,C,100.0,,,lognormal,YES,NO,Vib settling after shutter,CONDITIONAL,,,ASSUMED_UNCERTAIN,from parameter_registry.csv; uncertainty=+-factor3
P0050,T2s,T2s,s,,1e-05,,,,NO,NO,INDIRECT,ASSUMED,,,FIXED_DESIGN,
P0051,n_s,n_s,m-2,,3.3e+18,,,,NO,NO,INDIRECT,ASSUMED,,,FIXED_DESIGN,Sticking coefficient on F-diamond UNKNOWN. Graphite analogy is INDIRECT.
P0052,P_cond,P_cond,W,,2.46e-09,,,,NO,NO,INDIRECT,ASSUMED,,,FIXED_DESIGN,
P0053,alpha_K,alpha_K,W/m2/K4,,2000,,,,NO,NO,INDIRECT,INDIRECT,,,FIXED_DESIGN,NOT measured for this specific Ag/diamond interface. [status normalized from LITERATURE_BOUND: literature bounds the val
P0054,s_H2,s_H2,dimensionless,,0.3,,,,NO,NO,INDIRECT,ASSUMED,,,FIXED_DESIGN,
P0055,QCM_noise_floor,QCM_noise_floor,Hz,,,,,uniform,YES,NO,REQUIRES_EXPERIMENT,UNVERIFIED,,,MEASURED_REQUIRED,He-3 monolayer shift ≈0.09 Hz requires sub-0.1 Hz stability.
P0056,Ag_sinter_area,Ag_sinter_area,m2,,0.0045,,,uniform,YES,NO,UNKNOWN,DESIGN_SPECIFIED,,,MEASURED_REQUIRED,[directness normalized from N/A: directness not applicable to this entry]
P0057,Ag_sinter_fabrication_status,Ag_sinter_fabrication_status,N/A,,NOT_FABRICATED,,,uniform,YES,NO,UNKNOWN,DESIGN_SPECIFIED,,,MEASURED_REQUIRED,[directness normalized from N/A: directness not applicable to this entry]
P0058,T_sample_forecast,T_sample_forecast,K,,0.010413,,,lognormal,YES,NO,ASSUMED,ASSUMED,,,ASSUMED_UNCERTAIN,FORECAST_ONLY
P0059,P_delivered,P_delivered,W,,0.0002,,,,NO,NO,MANUFACTURER_SPEC,MANUFACTURER_SPEC,,,FIXED_DESIGN,Not verified under QTA thermal load
P0060,P_support_hybrid,P_support_hybrid,W,,1.67e-10,,,,NO,NO,INDIRECT,ASSUMED,,,FIXED_DESIGN,Committed support: Kevlar 49 / G-10CR (see rejected_baseline_BOM.csv for rejected alternatives).
P0061,P_vib,P_vib,W,,5e-14,,,lognormal,YES,NO,ASSUMED,ASSUMED,,,ASSUMED_UNCERTAIN,
P0062,P_rad,P_rad,W,,4e-15,,,,NO,YES,DERIVED,DERIVED,,,DERIVED,
P0063,P_He,P_He,W,,1.67e-10,,,,NO,NO,INDIRECT,ASSUMED,,,FIXED_DESIGN,
P0064,tau_pulse,tau_pulse,s,,1e-13,,,uniform,YES,NO,UNKNOWN,DESIGN_SPECIFIED,,,MEASURED_REQUIRED,[directness normalized from N/A: directness not applicable to this entry]
P0065,beam_radius,beam_radius,m,,3.61e-07,,,,NO,YES,DERIVED,DERIVED,,,DERIVED,
P0066,fluence,fluence,J/m2,,0.024,,,lognormal,YES,NO,Depends on eta_abs,ASSUMED,,,ASSUMED_UNCERTAIN,
P0067,peak_intensity,peak_intensity,W/m2,,,,,uniform,YES,NO,REQUIRES_EXPERIMENT,UNKNOWN,,,MEASURED_REQUIRED,
P0068,fluence_threshold,fluence_threshold,J/m2,,10000.0,,,,NO,NO,INDIRECT,INDIRECT,,,FIXED_DESIGN,[status normalized from LITERATURE_BOUND: literature bounds the value but not the exact system claim]
P0069,nonlinear_threshold,nonlinear_threshold,W/m2,,,,,uniform,YES,NO,REQUIRES_EXPERIMENT,UNKNOWN,,,MEASURED_REQUIRED,
P0070,thermal_recovery_time,thermal_recovery_time,s,,4.2e-08,,,lognormal,YES,NO,ASSUMED,ASSUMED,,,ASSUMED_UNCERTAIN,
P0071,T2,T2,s,,,,,uniform,YES,NO,REQUIRES_EXPERIMENT,UNKNOWN,,,MEASURED_REQUIRED,
P0072,NV_density,NV_density,m-3,,,,,uniform,YES,NO,UNKNOWN,DESIGN_SPECIFIED,,,MEASURED_REQUIRED,[directness normalized from N/A: directness not applicable to this entry]
P0073,surface_spin_density,surface_spin_density,m-2,,,,,uniform,YES,NO,REQUIRES_EXPERIMENT,UNKNOWN,,,MEASURED_REQUIRED,
P0074,surface_termination,surface_termination,N/A,,,,,uniform,YES,NO,UNKNOWN,DESIGN_SPECIFIED,,,MEASURED_REQUIRED,[directness normalized from N/A: directness not applicable to this entry]
P0075,charge_stability,charge_stability,N/A,,,,,uniform,YES,NO,REQUIRES_EXPERIMENT,UNKNOWN,,,MEASURED_REQUIRED,
P0076,CH4_coverage,CH4_coverage,%,,,,,lognormal,YES,NO,ASSUMED,CONDITIONAL,,,ASSUMED_UNCERTAIN,
P0077,helium_pressure,helium_pressure,Pa,,1e-06,,,uniform,YES,NO,UNKNOWN,DESIGN_SPECIFIED,,,MEASURED_REQUIRED,[directness normalized from N/A: directness not applicable to this entry]
P0078,helium_mean_free_path,helium_mean_free_path,m,,0.46,,,,NO,NO,DIRECT,DERIVED,,,FIXED_DESIGN,
P0079,Kn,Kn,dimensionless,,46,,,,NO,NO,DIRECT,DERIVED,,,FIXED_DESIGN,
P0080,molecular_flux,molecular_flux,m-2 s-1,,,,,uniform,YES,NO,REQUIRES_EXPERIMENT,UNKNOWN,,,MEASURED_REQUIRED,
P0081,PMB_flux,PMB_flux,m-2 s-1,,,,,,NO,NO,INDIRECT,DESIGN_SPECIFIED,,,FIXED_DESIGN,
P0082,PMB_dose,PMB_dose,m-2,,,,,uniform,YES,NO,UNKNOWN,DESIGN_SPECIFIED,,,MEASURED_REQUIRED,[directness normalized from N/A: directness not applicable to this entry]
P0083,PMB_pulse_width,PMB_pulse_width,s,,,,,uniform,YES,NO,UNKNOWN,DESIGN_SPECIFIED,,,MEASURED_REQUIRED,[directness normalized from N/A: directness not applicable to this entry]
P0084,cryo_baffle_temperature,cryo_baffle_temperature,K,,,,,uniform,YES,NO,UNKNOWN,DESIGN_SPECIFIED,,,MEASURED_REQUIRED,[directness normalized from N/A: directness not applicable to this entry]
P0085,cryo_baffle_shutter_timing,cryo_baffle_shutter_timing,s,,,,,uniform,YES,NO,UNKNOWN,DESIGN_SPECIFIED,,,MEASURED_REQUIRED,[directness normalized from N/A: directness not applicable to this entry]
P0086,cryo_baffle_thermal_load,cryo_baffle_thermal_load,W,,,,,uniform,YES,NO,UNKNOWN,DESIGN_SPECIFIED,,,MEASURED_REQUIRED,[directness normalized from N/A: directness not applicable to this entry]
P0087,bakeout_temperature,bakeout_temperature,°C,,250,,,,NO,NO,INDIRECT,DESIGN_SPECIFIED,,,FIXED_DESIGN,NOT EXECUTED
P0088,bakeout_duration,bakeout_duration,h,,48,,,,NO,NO,INDIRECT,DESIGN_SPECIFIED,,,FIXED_DESIGN,NOT EXECUTED
P0089,NEG_pump_speed,NEG_pump_speed,L/s,,,,,,NO,NO,MANUFACTURER_SPEC,DESIGN_SPECIFIED,,,FIXED_DESIGN,NOT INSTALLED
P0090,cryotrap_performance,cryotrap_performance,Pa,,,,,,NO,NO,INDIRECT,DESIGN_SPECIFIED,,,FIXED_DESIGN,NOT INSTALLED
P0091,RGA_sensitivity,RGA_sensitivity,Pa,,,,,uniform,YES,NO,UNKNOWN,NOT_INSTALLED,,,MEASURED_REQUIRED,[directness normalized from N/A: directness not applicable to this entry]
P0092,vibration_PSD,vibration_PSD,m2/Hz,,1e-10,,,,NO,NO,MANUFACTURER_SPEC,MANUFACTURER_SPEC,,,FIXED_DESIGN,NOT measured at NV position
P0093,vibration_to_heat_conversion,vibration_to_heat_conversion,W/(m2/Hz),,,,,uniform,YES,NO,REQUIRES_EXPERIMENT,UNKNOWN,,,MEASURED_REQUIRED,
P0094,microwave_dissipation,microwave_dissipation,W,,1e-09,,,lognormal,YES,NO,ASSUMED,ASSUMED,,,ASSUMED_UNCERTAIN,
P0095,CPW_loss,CPW_loss,dB,,,,,,NO,NO,INDIRECT,UNKNOWN,,,FIXED_DESIGN,
P0096,cryogenic_wiring_heat_load,cryogenic_wiring_heat_load,W,,2.46e-09,,,,NO,NO,INDIRECT,ASSUMED,,,FIXED_DESIGN,
P0097,interlock_timing,interlock_timing,s,,,,,uniform,YES,NO,UNKNOWN,DESIGN_SPECIFIED,,,MEASURED_REQUIRED,NOT INSTALLED [directness normalized from N/A: directness not applicable to this entry]
P0098,Mode_A_to_B_recovery,Mode_A_to_B_recovery,s,,,,,uniform,YES,NO,UNKNOWN,DESIGN_SPECIFIED,,,MEASURED_REQUIRED,[directness normalized from N/A: directness not applicable to this entry]
P0099,Mode_B_to_C_recovery,Mode_B_to_C_recovery,s,,,,,uniform,YES,NO,UNKNOWN,DESIGN_SPECIFIED,,,MEASURED_REQUIRED,[directness normalized from N/A: directness not applicable to this entry]
P0100,Mode_C_to_D_recovery,Mode_C_to_D_recovery,s,,,,,uniform,YES,NO,UNKNOWN,DESIGN_SPECIFIED,,,MEASURED_REQUIRED,[directness normalized from N/A: directness not applicable to this entry]
P0101,isotope_purity_3He,isotope_purity_3He,%,,,,,,NO,NO,MANUFACTURER_SPEC,DESIGN_SPECIFIED,,,FIXED_DESIGN,
P0102,isotope_purity_4He,isotope_purity_4He,%,,,,,,NO,NO,MANUFACTURER_SPEC,DESIGN_SPECIFIED,,,FIXED_DESIGN,
P0103,gas_isolation_leak_rate,gas_isolation_leak_rate,Pa m3/s,,,,,uniform,YES,NO,UNKNOWN,DESIGN_SPECIFIED,,,MEASURED_REQUIRED,[directness normalized from N/A: directness not applicable to this entry]
P0104,Kevlar_49_thermal_conductivity,Kevlar_49_thermal_conductivity,W/m/K,,0.0005,,,,NO,NO,INDIRECT,INDIRECT,,,FIXED_DESIGN,[status normalized from LITERATURE_BOUND: literature bounds the value but not the exact system claim]
P0105,Kevlar_49_tension_properties,Kevlar_49_tension_properties,N/A,,,,,,NO,NO,INDIRECT,DESIGN_SPECIFIED,,,FIXED_DESIGN,
P0106,Kevlar_end_termination_strength,Kevlar_end_termination_strength,N,,,,,uniform,YES,NO,REQUIRES_EXPERIMENT,UNVERIFIED,,,MEASURED_REQUIRED,Critical safety item
P0107,Kevlar_clamp_slip,Kevlar_clamp_slip,m,,,,,uniform,YES,NO,REQUIRES_EXPERIMENT,UNKNOWN,,,MEASURED_REQUIRED,Differential thermal contraction risk
P0108,Kevlar_creep_relaxation,Kevlar_creep_relaxation,m/h,,,,,uniform,YES,NO,REQUIRES_EXPERIMENT,UNKNOWN,,,MEASURED_REQUIRED,
P0109,G10CR_thermal_conductivity,G10CR_thermal_conductivity,W/m/K,,,,,,NO,NO,INDIRECT,DESIGN_SPECIFIED,,,FIXED_DESIGN,
P0110,G10CR_flexure_properties,G10CR_flexure_properties,N/A,,,,,uniform,YES,NO,UNKNOWN,DESIGN_SPECIFIED,,,MEASURED_REQUIRED,[directness normalized from N/A: directness not applicable to this entry]
P0111,G10CR_attachment_stability,G10CR_attachment_stability,N/A,,,,,uniform,YES,NO,REQUIRES_EXPERIMENT,UNKNOWN,,,MEASURED_REQUIRED,
P0112,thermal_intercept_conductance,thermal_intercept_conductance,W/K,,,,,uniform,YES,NO,UNKNOWN,DESIGN_SPECIFIED,,,MEASURED_REQUIRED,[directness normalized from N/A: directness not applicable to this entry]
P0113,thermal_intercept_contact_resistance,thermal_intercept_contact_resistance,K/W,,,,,uniform,YES,NO,REQUIRES_EXPERIMENT,UNKNOWN,,,MEASURED_REQUIRED,Gold-plated faces reduce risk
P0114,anchor_block_conductance,anchor_block_conductance,W/K,,,,,uniform,YES,NO,REQUIRES_EXPERIMENT,UNKNOWN,,,MEASURED_REQUIRED,
P0115,sample_stage_alignment_drift,sample_stage_alignment_drift,m,,,,,uniform,YES,NO,REQUIRES_EXPERIMENT,UNKNOWN,,,MEASURED_REQUIRED,
P0116,cooldown_survivability,cooldown_survivability,N/A,,,,,uniform,YES,NO,REQUIRES_EXPERIMENT,UNVERIFIED,,,MEASURED_REQUIRED,
P0117,support_resonant_modes,support_resonant_modes,Hz,,,,,uniform,YES,NO,REQUIRES_EXPERIMENT,UNKNOWN,,,MEASURED_REQUIRED,
P0118,temperature_sensor_calibration,temperature_sensor_calibration,K,,,,,uniform,YES,NO,UNKNOWN,DESIGN_SPECIFIED,,,MEASURED_REQUIRED,NOT INSTALLED [directness normalized from N/A: directness not applicable to this entry]
P0119,heater_step_response_power,heater_step_response_power,W,,,,,uniform,YES,NO,UNKNOWN,DESIGN_SPECIFIED,,,MEASURED_REQUIRED,NOT INSTALLED [directness normalized from N/A: directness not applicable to this entry]
P0120,E_pulse_A,E_pulse_A,J,,,,,uniform,YES,NO,UNKNOWN,UNKNOWN,,,MEASURED_REQUIRED,Mode B LCVD optics. Separate from Mode D E_pulse. [directness normalized from REQUIRES_SOURCE: no source yet identified]
P0121,f_rep_A,f_rep_A,Hz,,,,,uniform,YES,NO,UNKNOWN,UNKNOWN,,,MEASURED_REQUIRED,Mode B LCVD optics. Period = 1/f_rep_A. Manuscript previously confused 1 MHz with 1 ms; now separated. [directness norma
P0122,tau_pulse_A,tau_pulse_A,s,,,,,uniform,YES,NO,UNKNOWN,UNKNOWN,,,MEASURED_REQUIRED,Mode B LCVD optics. [directness normalized from REQUIRES_SOURCE: no source yet identified]
P0123,spot_radius_A,spot_radius_A,m,,,,,uniform,YES,NO,UNKNOWN,UNKNOWN,,,MEASURED_REQUIRED,Mode B LCVD optics. [directness normalized from REQUIRES_SOURCE: no source yet identified]
P0124,eta_abs_A,eta_abs_A,dimensionless,,,,,uniform,YES,NO,REQUIRES_EXPERIMENT,UNKNOWN,,,MEASURED_REQUIRED,Mode B LCVD. Different surface/chemistry than Mode D readout absorption.
P0125,precursor_species,precursor_species,N/A,,,,,uniform,YES,NO,UNKNOWN,UNKNOWN,,,MEASURED_REQUIRED,Mode B LCVD. CH4 typical; alternatives possible. [status normalized from USER_DECISION_PENDING: pending user/architect d
P0126,deposition_yield_per_pulse_A,deposition_yield_per_pulse_A,atoms/pulse,,,,,uniform,YES,NO,REQUIRES_EXPERIMENT,UNKNOWN,,,MEASURED_REQUIRED,Mode B LCVD. PRIMARY UNKNOWN.
P0127,local_surface_temperature_A,local_surface_temperature_A,K,,,,,uniform,YES,NO,REQUIRES_EXPERIMENT,UNKNOWN,,,MEASURED_REQUIRED,Mode B LCVD. Photolysis/pyrolysis condition.
P0128,G_growth_to_dump,G_growth_to_dump,W/K,,,,,uniform,YES,NO,REQUIRES_EXPERIMENT,UNKNOWN,,,MEASURED_REQUIRED,Mode B thermal dump (non-MC).
P0129,G_growth_to_MC_leak,G_growth_to_MC_leak,W/K,,,,,uniform,YES,NO,REQUIRES_EXPERIMENT,UNKNOWN,,,MEASURED_REQUIRED,Mode B thermal dump. Must be << P_cool_MC budget.
P0130,E_pulse_D,E_pulse_D,J,,5e-11,,,lognormal,YES,NO,ASSUMED,ASSUMED,,,ASSUMED_UNCERTAIN,Mode D NV readout pulse energy. Sim uses 50 pJ. Separate from Mode B E_pulse_A.
P0131,f_rep_D,f_rep_D,Hz,,200.0,,,lognormal,YES,NO,ASSUMED,ASSUMED,,,ASSUMED_UNCERTAIN,Mode D NV readout rep rate. Period = 5 ms. Separate from Mode B f_rep_A.
P0132,eta_abs_D,eta_abs_D,dimensionless,,0.05,,,,NO,NO,INDIRECT,ASSUMED,,,FIXED_DESIGN,Mode D NV readout absorption coefficient. Separate from Mode B eta_abs_A.
P0133,T_peak_D,T_peak_D,K,,0.673,,,,NO,YES,DERIVED,DERIVED,,,DERIVED,Mode D NV readout cumulative pulse heating. Sim reports 673 mK from 200 Hz operation.
P0134,tau_recovery_D,tau_recovery_D,s,,4.2e-08,,,lognormal,YES,NO,ASSUMED,ASSUMED,,,ASSUMED_UNCERTAIN,Mode D NV readout thermal recovery time.
P0135,thermal_cycling_N100_status,thermal_cycling_N100_status,cycles,,,,,uniform,YES,NO,REQUIRES_EXPERIMENT,UNVERIFIED,,,MEASURED_REQUIRED,Engineering qualification.
P0136,thermal_cycling_N1000_status,thermal_cycling_N1000_status,cycles,,,,,uniform,YES,NO,REQUIRES_EXPERIMENT,UNVERIFIED,,,MEASURED_REQUIRED,Extended qualification.
P0137,IL14_LCVD_helium_interlock_status,IL14_LCVD_helium_interlock_status,N/A,,,,,uniform,YES,NO,UNKNOWN,NOT_INSTALLED,,,MEASURED_REQUIRED,Hardware interlock IL-14: LCVD_on AND He_present = IMPOSSIBLE. [directness normalized from N/A: directness not applicabl
P0138,radiation_shutter_emissivity_eff,epsilon_eff,dimensionless,D,UNKNOWN,,,,NO,NO,UNKNOWN / REQUIRES_EXPERIMENT,UNKNOWN,"C4, Shield-RAD",R-RAD-1,MEASURED_REQUIRED,Effective emissivity of 4K shutter; not measured
P0139,radiation_load_10mK_measured_W,P_rad_10mK,W,D,UNKNOWN,,,,NO,NO,UNKNOWN / REQUIRES_EXPERIMENT,UNKNOWN,Shield-RAD,R-RAD-1,MEASURED_REQUIRED,Sample-stage radiometric heat load (W); NOT_MEASURED
P0140,rf_leakage_load_10mK_measured_W,P_RF_10mK,W,D,UNKNOWN,,,,NO,NO,UNKNOWN / REQUIRES_EXPERIMENT,UNKNOWN,Shield-RF,R-RF-1,MEASURED_REQUIRED,RF leakage into 10 mK sample-stage; NOT_MEASURED
P0141,microwave_blackbody_load_W,P_mw_BB,W,D,UNKNOWN,,,,NO,NO,UNKNOWN / REQUIRES_EXPERIMENT,UNKNOWN,"Shield-RF, Shield-MW",R-MW-1,MEASURED_REQUIRED,4 K microwave blackbody load into sample volume
P0142,optical_scatter_load_W,P_scatter,W,D,UNKNOWN,,,,NO,NO,UNKNOWN / REQUIRES_EXPERIMENT,UNKNOWN,Shield-OPT,R-OPT-1,MEASURED_REQUIRED,Stray optical power reaching 10 mK
P0143,cryo_baffle_capture_efficiency,eta_baffle,dimensionless,C,UNKNOWN,0,1,,NO,NO,UNKNOWN / REQUIRES_EXPERIMENT,UNKNOWN,Shield-CHEM,R-CHEM-1,MEASURED_REQUIRED,Baffle effective barrier between Mode B and Mode D
P0144,cryopanel_saturation_fraction,f_sat,dimensionless,C,UNKNOWN,0,1,,NO,NO,UNKNOWN / REQUIRES_EXPERIMENT,UNKNOWN,Shield-CHEM,R-CHEM-1,MEASURED_REQUIRED,Per-cycle cryopanel saturation
P0145,sample_can_rf_leakage_factor,alpha_RF,dimensionless,D,UNKNOWN,,,,NO,NO,UNKNOWN / REQUIRES_EXPERIMENT,UNKNOWN,Shield-RF,R-RF-1,MEASURED_REQUIRED,RF integrity factor; closed-vs-open ratio
P0146,magnetic_noise_rms,B_noise_rms,T,D,UNKNOWN,,,,NO,NO,UNKNOWN / REQUIRES_EXPERIMENT,UNKNOWN,Shield-MAG,R-MAG-1,MEASURED_REQUIRED,Magnetic noise at NV measurement bandwidth
P0147,NV_bias_field_error,delta_B_NV,T,D,UNKNOWN,,,,NO,NO,UNKNOWN / REQUIRES_EXPERIMENT,UNKNOWN,Shield-MAG,R-MAG-1,MEASURED_REQUIRED,Bias-field shift with/without shield
P0148,beam_dump_absorbed_power_W,P_BD,W,D,UNKNOWN,,,,NO,NO,UNKNOWN / REQUIRES_EXPERIMENT,UNKNOWN,"Shield-OPT, Shield-RAD",R-OPT-2,MEASURED_REQUIRED,Per-stage absorbed power
P0149,optical_line_of_sight_clearance_flag,LOS_OK,boolean,D,UNKNOWN,0,1,,NO,NO,UNKNOWN / REQUIRES_EXPERIMENT,UNKNOWN,Shield-OPT,R-OPT-1,MEASURED_REQUIRED,Direct LOS to 10 mK is absent
P0150,filter_thermalization_status,filter_thermal,status,D,UNKNOWN,,,,NO,NO,UNKNOWN / REQUIRES_EXPERIMENT,UNKNOWN,Shield-RF,R-RF-2,MEASURED_REQUIRED,Each filter body at assigned stage temperature
P0151,dirty_clean_shutter_cross_contamination_flag,xcontam_OK,boolean,C-to-D,UNKNOWN,0,1,,NO,NO,UNKNOWN / REQUIRES_EXPERIMENT,UNKNOWN,Shield-CHEM,R-CHEM-2,MEASURED_REQUIRED,Clean side remains within Mode D contamination spec
P0152,mp_k_ref,mp_k_ref,W/m/K,B,2000.0,1000.0,4000.0,lognormal,YES,NO,ASSUMED,CONDITIONAL,THERMAL_1D_STABILITY_CHECK;HOTSPOT_MARGIN_CHECK,,MULTIPHYSICS_FORECAST,pass-15 non-lumped MP param; factor 2x; MODEL_ONLY
P0153,mp_k_exponent,mp_k_exponent,,B,3.0,1.5,6.0,lognormal,YES,NO,ASSUMED,CONDITIONAL,THERMAL_1D_MESH_CONVERGENCE_CHECK,,MULTIPHYSICS_FORECAST,pass-15 non-lumped MP param; +-0.5; MODEL_ONLY
P0154,mp_k_plateau,mp_k_plateau,W/m/K,B,3000.0,1500.0,6000.0,lognormal,YES,NO,ASSUMED,CONDITIONAL,HOTSPOT_MARGIN_CHECK,,MULTIPHYSICS_FORECAST,pass-15 non-lumped MP param; factor 2x; MODEL_ONLY
P0155,mp_alpha_K,mp_alpha_K,W/m2/K4,B,50.0,25.0,100.0,lognormal,YES,NO,ASSUMED,CONDITIONAL,KAPITZA_BC_CHECK,,MULTIPHYSICS_FORECAST,pass-15 non-lumped MP param; factor 3x; MODEL_ONLY
P0156,mp_alpha_abs,mp_alpha_abs,1/m,B,1000000.0,500000.0,2000000.0,lognormal,YES,NO,ASSUMED,CONDITIONAL,OPTICAL_ABSORPTION_PROFILE_CHECK,,MULTIPHYSICS_FORECAST,pass-15 non-lumped MP param; factor 3x; MODEL_ONLY
P0157,mp_absorbed_fraction,mp_absorbed_fraction,,B,0.3,0.15,0.6,lognormal,YES,NO,ASSUMED,CONDITIONAL,OPTICAL_ABSORPTION_PROFILE_CHECK,,MULTIPHYSICS_FORECAST,pass-15 non-lumped MP param; range 0.1-0.5; MODEL_ONLY
P0158,mp_pulse_energy,mp_pulse_energy,J,B,1e-09,5e-10,2e-09,lognormal,YES,NO,DESIGN_SPECIFIED,CONDITIONAL,HOTSPOT_MARGIN_CHECK,,MULTIPHYSICS_FORECAST,pass-15 non-lumped MP param; factor 2x; MODEL_ONLY
P0159,mp_pulse_duration,mp_pulse_duration,s,B,2.5e-13,1.25e-13,5e-13,lognormal,YES,NO,DESIGN_SPECIFIED,CONDITIONAL,OPTICAL_ABSORPTION_PROFILE_CHECK,,MULTIPHYSICS_FORECAST,pass-15 non-lumped MP param; +-30%; MODEL_ONLY
P0160,mp_rep_rate,mp_rep_rate,Hz,B,1000000.0,500000.0,2000000.0,lognormal,YES,NO,DESIGN_SPECIFIED,CONDITIONAL,POST_PULSE_DRIFT_CHECK,,MULTIPHYSICS_FORECAST,pass-15 non-lumped MP param; +-20%; MODEL_ONLY
P0161,mp_spot_radius,mp_spot_radius,m,B,5e-06,2.5e-06,1e-05,lognormal,YES,NO,DESIGN_SPECIFIED,CONDITIONAL,HOTSPOT_MARGIN_CHECK,,MULTIPHYSICS_FORECAST,pass-15 non-lumped MP param; +-20%; MODEL_ONLY
P0162,mp_thermal_radius,mp_thermal_radius,m,B,4e-05,2e-05,8e-05,lognormal,YES,NO,ASSUMED,CONDITIONAL,THERMAL_2D_MESH_CONVERGENCE_CHECK,,MULTIPHYSICS_FORECAST,pass-15 non-lumped MP param; model domain; MODEL_ONLY
P0163,mp_thermal_depth,mp_thermal_depth,m,B,4e-05,2e-05,8e-05,lognormal,YES,NO,ASSUMED,CONDITIONAL,THERMAL_1D_MESH_CONVERGENCE_CHECK,,MULTIPHYSICS_FORECAST,pass-15 non-lumped MP param; model domain; MODEL_ONLY
P0164,mp_front_velocity,mp_front_velocity,m/s,B,0.0,,,lognormal,YES,NO,ASSUMED,CONDITIONAL,MOVING_BOUNDARY_MODEL_CHECK,,MULTIPHYSICS_FORECAST,pass-15 non-lumped MP param; Stefan-ready; MODEL_ONLY
P0165,mp_gas_D_CH4,mp_gas_D_CH4,m2/s,BC,0.02,0.01,0.04,lognormal,YES,NO,ASSUMED,CONDITIONAL,GAS_TRANSPORT_STABILITY_CHECK,,MULTIPHYSICS_FORECAST,pass-15 non-lumped MP param; factor 3x; MODEL_ONLY
P0166,mp_gas_v_eff,mp_gas_v_eff,m/s,BC,0.05,0.025,0.1,lognormal,YES,NO,ASSUMED,CONDITIONAL,GAS_TRANSPORT_STABILITY_CHECK,,MULTIPHYSICS_FORECAST,pass-15 non-lumped MP param; factor 3x; MODEL_ONLY
P0167,mp_cryobaffle_capture_CH4,mp_cryobaffle_capture_CH4,,C,0.9,0.45,1.8,lognormal,YES,NO,ASSUMED,CONDITIONAL,CRYOBAFFLE_CAPTURE_CHECK,,MULTIPHYSICS_FORECAST,pass-15 non-lumped MP param; +-0.1; MODEL_ONLY
P0168,mp_pump_sink,mp_pump_sink,1/s,C,50.0,25.0,100.0,lognormal,YES,NO,ASSUMED,CONDITIONAL,GAS_TRANSPORT_STABILITY_CHECK,,MULTIPHYSICS_FORECAST,pass-15 non-lumped MP param; factor 2x; MODEL_ONLY
P0169,mp_stick_CH4,mp_stick_CH4,,BC,0.5,0.25,1.0,lognormal,YES,NO,ASSUMED,CONDITIONAL,SURFACE_COVERAGE_DECAY_CHECK,,MULTIPHYSICS_FORECAST,pass-15 non-lumped MP param; factor 2x; MODEL_ONLY
P0170,mp_Edes_CH4,mp_Edes_CH4,eV,BCD,0.16,0.08,0.32,lognormal,YES,NO,ASSUMED,CONDITIONAL,SURFACE_COVERAGE_DECAY_CHECK,,MULTIPHYSICS_FORECAST,pass-15 non-lumped MP param; +-0.05eV; MODEL_ONLY
P0171,mp_Edes_He4,mp_Edes_He4,eV,D,0.012,0.006,0.024,lognormal,YES,NO,ASSUMED,CONDITIONAL,RESIDUAL_SPECIES_MODE_D_CHECK,,MULTIPHYSICS_FORECAST,pass-15 non-lumped MP param; +-0.005eV; MODEL_ONLY
P0172,mp_mw_atten_total,mp_mw_atten_total,dB,D,26.0,13.0,52.0,lognormal,YES,NO,DESIGN_SPECIFIED,CONDITIONAL,MICROWAVE_HEATING_PROFILE_CHECK,,MULTIPHYSICS_FORECAST,pass-15 non-lumped MP param; +-3dB; MODEL_ONLY
P0173,mp_rad_epsilon_eff,mp_rad_epsilon_eff,,D,0.05,0.025,0.1,lognormal,YES,NO,ASSUMED,CONDITIONAL,RADIATION_VIEWFACTOR_CHECK,,MULTIPHYSICS_FORECAST,pass-15 non-lumped MP param; factor 2x; MODEL_ONLY
P0174,mp_rad_view_factor,mp_rad_view_factor,,D,0.1,0.05,0.2,lognormal,YES,NO,ASSUMED,CONDITIONAL,RADIATION_VIEWFACTOR_CHECK,,MULTIPHYSICS_FORECAST,pass-15 non-lumped MP param; factor 2x; MODEL_ONLY
P0175,mp_vib_Q,mp_vib_Q,,CD,20.0,10.0,40.0,lognormal,YES,NO,ASSUMED,CONDITIONAL,VIBRATION_TRANSFER_CHECK,,MULTIPHYSICS_FORECAST,pass-15 non-lumped MP param; factor 2x; MODEL_ONLY
