gate_id,mode,name,equation,computed,threshold,unit,status,reason,fix,measured_in_this_system,source_directness,can_PASS_now,required_measurement,blocked_by,notes
A1,B (Material Processing / LCVD Growth),MC Protected (SC switch open),G_sw_open*(T_4K-T_MC)<0.01*P_cool_MC; SC switch DESIGN_SPECIFIED,3.99e-08,2.0000000000000003e-06,W,CONDITIONAL,"SC switch: [DESIGN_SPECIFIED]. When switch open: G_sw_open=1e-8W/K -> P_leak=1e-8*(4-0.01)=4e-8W<<2e-6W (physics inequality satisfied under assumptions; not a PASS). Status=CONDITIONAL: switch DESIGN_SPECIFIED only — not installed, not cryo-tested.",Install Al SC switch. Verify G_sw_open < 1e-8 W/K by step-response.,false,ASSUMED_OR_DESIGN_SPECIFIED,NO,see validation_matrix.csv,N/A,FORECAST_ONLY; can_PASS_now=NO
A2,B (Material Processing / LCVD Growth),4K Stage Handles LCVD Scatter,Q_scatter < P_cool_4K; 4K radiation shutter DESIGN_SPECIFIED,0.04593003134228415,1.0,mW,CONDITIONAL,Q_scatter=0.046mW from optics (spec). 4K stage spec: ~1W budget. Radiation shutter: [DESIGN_SPECIFIED]. Status=CONDITIONAL: physics calculation passes but shutter not installed to verify.,Install 4K OFHC Cu radiation shutter. Verify by bolometry during LCVD run.,false,ASSUMED_OR_DESIGN_SPECIFIED,NO,see validation_matrix.csv,N/A,FORECAST_ONLY; can_PASS_now=NO
A3,B (Material Processing / LCVD Growth),Cold Optics Shielded by 4K Shutter,Q_rad(4K shutter->sample) < 1% sensing budget; shutter DESIGN_SPECIFIED,1451615.8512072961,43000000.0,aW,CONDITIONAL,Q_rad=1451616aW << threshold=4e+07aW (physics inequality satisfied under assumptions; not a PASS). 4K OFHC Cu shutter: [DESIGN_SPECIFIED]. Status=CONDITIONAL: shutter not installed — physics calc cannot be confirmed.,Install retractable 4K OFHC Cu shutter. Verify with bolometry.,false,ASSUMED_OR_DESIGN_SPECIFIED,NO,see validation_matrix.csv,N/A,FORECAST_ONLY; can_PASS_now=NO
A4,B (Material Processing / LCVD Growth),He-3 Film Absent During Mode B Processing,He3_valve=CLOSED; confirmed by interlock IL-02,0,0,,CONDITIONAL,"He-3 valve / injection system: [DESIGN_SPECIFIED]. IL-02 (hardware interlock preventing concurrent He-3 and LCVD (mutually exclusive via hard interlock)): [DESIGN_SPECIFIED]. Status=CONDITIONAL: valve not installed, interlock not installed.",Install He-3 injection line. Install IL-02 hardware interlock.,false,ASSUMED_OR_DESIGN_SPECIFIED,NO,see validation_matrix.csv,N/A,FORECAST_ONLY; can_PASS_now=NO
A5,B (Material Processing / LCVD Growth),Sensing Disabled During Mode B Processing,NV_readout_laser=OFF; ODMR_mw=OFF; enforced by IL-01,0,0,,CONDITIONAL,Hardware interlock IL-01: [DESIGN_SPECIFIED]. Status=CONDITIONAL: interlock not installed — sensing-off condition cannot be enforced.,"Install hardware interlocks IL-01 to IL-13 (physical, not software).",false,ASSUMED_OR_DESIGN_SPECIFIED,NO,see validation_matrix.csv,N/A,FORECAST_ONLY; can_PASS_now=NO
A6,B (Material Processing / LCVD Growth),"Precursor beam-delivered, not chamber-fill",precursor delivered to target via PMB; chamber pressure < cryocondensation threshold,UNKNOWN,TBD,Pa,CONDITIONAL,"CONDITIONAL: precursor delivery mode unverified at 10 mK; no in-system measurement available. PMB doser: DESIGN_SPECIFIED, NOT_INSTALLED.",Install warm/differentially-pumped molecular beam line. Measure pressure profile and condensation map by witness coupon and QCM.,false,ASSUMED_OR_DESIGN_SPECIFIED,NO,see validation_matrix.csv,N/A,FORECAST_ONLY; can_PASS_now=NO
A7,B (Material Processing / LCVD Growth),Precursor cryocondensation below limit,theta_precursor on cold shields < TBD; on sensing zone < TBD,UNKNOWN,TBD,%,CONDITIONAL,CONDITIONAL: cryocondensation extent unmeasured. Witness coupon + QCM + RGA NOT_INSTALLED.,Witness coupon + QCM + RGA after each Mode B pulse train at both growth zone and sensing zone.,false,ASSUMED_OR_DESIGN_SPECIFIED,NO,see validation_matrix.csv,N/A,FORECAST_ONLY; can_PASS_now=NO
A8,B (Material Processing / LCVD Growth),Local surface T during deposition pulse measured,T_growth_surface measured during pulse; photolysis/pyrolysis threshold verified,UNKNOWN,TBD,K,BLOCKED,BLOCKED: no in-situ pump-probe thermometry at growth surface. Surface T during pulse cannot be assumed — must be measured.,Install pump-probe or fast thermometric measurement at growth surface.,false,BLOCKED_PREREQUISITE,NO,see validation_matrix.csv,see status_reason,FORECAST_ONLY; can_PASS_now=NO
A9,B (Material Processing / LCVD Growth),Deposition yield per pulse measured,yield = atoms/pulse from witness coupon + QCM + AFM/Raman/XPS,UNKNOWN,TBD,atoms/pulse,BLOCKED,"BLOCKED: yield not measured. PRIMARY UNKNOWN for LCVD feasibility — without measured yield, Mode B LCVD is unverifiable.",Witness coupon + QCM + AFM + Raman + XPS post-pulse-train.,false,BLOCKED_PREREQUISITE,NO,see validation_matrix.csv,see status_reason,FORECAST_ONLY; can_PASS_now=NO
A10,B (Material Processing / LCVD Growth),Growth-zone contamination does not reach sensing zone,theta_contamination on sensing-zone coupon < TBD,UNKNOWN,TBD,%,CONDITIONAL,CONDITIONAL: cross-contamination path unmeasured. Sensing-zone coupon + RGA NOT_INSTALLED.,Install sensing-zone witness coupon. RGA after each Mode B run.,false,ASSUMED_OR_DESIGN_SPECIFIED,NO,see validation_matrix.csv,N/A,FORECAST_ONLY; can_PASS_now=NO
A11,B (Material Processing / LCVD Growth),Byproducts pump below RGA threshold before Mode D,P_species (RGA-corrected) < threshold for each byproduct species,UNKNOWN,TBD,Pa,BLOCKED,BLOCKED: RGA not installed; species-resolved pressure unknown.,Install RGA; calibrate FC correction; verify all species below threshold before Mode D.,false,BLOCKED_PREREQUISITE,NO,see validation_matrix.csv,see status_reason,FORECAST_ONLY; can_PASS_now=NO
A12,B (Material Processing / LCVD Growth),Mode B (growth) heat removed by non-MC dump path,P_to_MC during Mode B (growth) << P_cool_MC; growth heat absorbed by 1K/4K dump,UNKNOWN,TBD,W,CONDITIONAL,CONDITIONAL: dedicated growth dump switch + dump-stage thermometry NOT_INSTALLED. Heat balance not measured. MC must not absorb LCVD heat in real time.,Install dedicated growth thermal dump switch + dump-stage thermometers. Measure heat balance.,false,ASSUMED_OR_DESIGN_SPECIFIED,NO,see validation_matrix.csv,N/A,FORECAST_ONLY; can_PASS_now=NO
A13,B (Material Processing / LCVD Growth),Repeated A/B/C cycling passes fatigue inspection,N=100 cycles (engineering); N=1000 cycles (extended); no cracks/delamination/conductance drift/RGA increase,UNKNOWN,N=100/N=1000,cycles,CONDITIONAL,CONDITIONAL: no cycling completed. Material fatigue across A/B/C/D mode transitions unverified.,Run N=100 (engineering) and N=1000 (extended) cycles. Inspect interfaces with AFM/SEM. QCM/RGA/conductance drift checks.,false,ASSUMED_OR_DESIGN_SPECIFIED,NO,see validation_matrix.csv,N/A,FORECAST_ONLY; can_PASS_now=NO
A14,B (Material Processing / LCVD Growth),He-3/He-4 film absent before Mode B Processing,P_He < threshold; QCM He shift = 0; RGA He below detection (IL-14 enforced),UNKNOWN,TBD,Pa,BLOCKED,BLOCKED: He purge protocol and verification (RGA + QCM) not in place. Hardware interlock IL-14 (LCVD_on AND helium_film_present = IMPOSSIBLE) NOT_INSTALLED.,"Install RGA + QCM. Define He purge protocol. Verify P_He, QCM He shift, and P_He log pre-Mode-A. Install IL-14 hardware interlock.",false,BLOCKED_PREREQUISITE,NO,see validation_matrix.csv,see status_reason,FORECAST_ONLY; can_PASS_now=NO
B1,C (Isolation / Purge),CH4 Pumpout Sufficient,t_purge >= 2h; P_CH4 -> below threshold,2.0,2.0,h,CONDITIONAL,Ideal gas pumpout ~2s but outgassing dominates -> 2-8h realistic. 77K charcoal cryotrap accelerates by 10-100x for condensables. t_purge_min ASSUMED. NOT EXECUTED.,Execute purge cycle; verify P_CH4<5e-12Pa by RGA.,false,ASSUMED_OR_DESIGN_SPECIFIED,NO,see validation_matrix.csv,N/A,FORECAST_ONLY; can_PASS_now=NO
B2,C (Isolation / Purge),77K Cryotrap [DESIGN_SPECIFIED; NOT INSTALLED],cryotrap_hw_installed=True AND pumping speed verified,0,1,bool,CONDITIONAL,"NOT YET INSTALLED [DESIGN_SPECIFIED only]. Design intent: 77K charcoal trap; P_vap(CH4,77K)~1e-8Pa << 5e-14Pa FC target. Without cryotrap: CH4 outgassing floor ~1e-12Pa >> 5e-14Pa target. B2=CONDITIONAL because hardware is not physically installed, only designed.",Install 77K charcoal cryotrap (50g OFHC Cu). Verify pumping speed.,false,ASSUMED_OR_DESIGN_SPECIFIED,NO,see validation_matrix.csv,N/A,FORECAST_ONLY; can_PASS_now=NO
B3,C (Isolation / Purge),RGA All-Species Verification (FC-corrected),"CH4<5e-14,H2<2e-14 Pa at pump port (FC correction: P_surface~100xP_pump)",,5e-14,Pa,UNKNOWN,RGA measurement NOT performed. FC correction: sensing-surface P ~100x pump-port P — thresholds 100x stricter. Mode D hard-interlocked (IL-05) on this gate. Without RGA: Mode D blocked.,RGA after each purge cycle. Calibrate FC factor from conductance model.,false,UNKNOWN,NO,see validation_matrix.csv,N/A,FORECAST_ONLY; can_PASS_now=NO
B4,C (Isolation / Purge),H2 Residual Coverage,theta_H2=s_H2*P_H2*t/(sqrt(2pi*m*kT)*n_mono)<0.1%,0.016076265348451066,0.1,%,CONDITIONAL,theta_H2=0.0161% (post-bake P_H2=5e-12Pa ASSUMED). Bakeout NOT executed. NEG NOT installed. RGA NOT measured.,Execute 250C/48h bakeout; install SAES St707 NEG; measure P_H2.,false,ASSUMED_OR_DESIGN_SPECIFIED,NO,see validation_matrix.csv,N/A,FORECAST_ONLY; can_PASS_now=NO
B5,C (Isolation / Purge),CH4 Coverage on Sensing Surface,theta_CH4 on sample during purge < 0.1% (shutter closed),1.1367636244044066,0.1,%,CONDITIONAL,theta_CH4 during 30s purge: 1.137%. Radiation shutter must protect NV surface during entire Mode B. Key: sample at 4K (switch open) AND shutter closed.,Verify shutter CLOSED during Mode B. Confirm CH4 cannot bypass shutter.,false,ASSUMED_OR_DESIGN_SPECIFIED,NO,see validation_matrix.csv,N/A,FORECAST_ONLY; can_PASS_now=NO
C1,C (Thermal Recovery),Sample Recools to Sensing T,tau_recool=integral_C(T)dT/G_eff from 4K to 10mK,0.00016963053681933731,10.0,s,CONDITIONAL,tau_recool(4K->10mK)=0.000s (negligible with SC switch). G_eff=1e-5W/K ASSUMED (not measured). Verify T_sample<10.5mK by RuO2 before Mode D.,Measure G_eff. Monitor T_sample until stable.,false,ASSUMED_OR_DESIGN_SPECIFIED,NO,see validation_matrix.csv,N/A,FORECAST_ONLY; can_PASS_now=NO
C2,C (Thermal Recovery),Vibration Settled,t_wait >= t_vib_settle=100s after shutter actuation,100.0,100.0,s,CONDITIONAL,Vibration settling after shutter close: >=100s (ASSUMED). S_vib not measured on this system.,Measure S_vib on fridge platform. Add damped flex drive.,false,ASSUMED_OR_DESIGN_SPECIFIED,NO,see validation_matrix.csv,N/A,FORECAST_ONLY; can_PASS_now=NO
C3,C (Thermal Recovery),Temperature Drift OK,dT/dt < 1uK/s at T_sample,,1.0,uK/s,CONDITIONAL,dT/dt threshold not verified. RuO2 reading required.,Monitor T_sample >=10min; require dT/dt<1uK/s.,false,ASSUMED_OR_DESIGN_SPECIFIED,NO,see validation_matrix.csv,N/A,FORECAST_ONLY; can_PASS_now=NO
C4,C (Thermal Recovery),Radiation Shutter (DESIGN_SPECIFIED; not installed),shutter_closed=True; 4K OFHC Cu shutter DESIGN_SPECIFIED only,1,1,bool,CONDITIONAL,Shutter: [DESIGN_SPECIFIED only; NOT INSTALLED]. If installed and closed: ~1452aW negligible. Status CONDITIONAL until shutter physically installed and position-sensor verified.,Install 4K OFHC Cu retractable shutter. Install position sensor.,false,ASSUMED_OR_DESIGN_SPECIFIED,NO,see validation_matrix.csv,N/A,FORECAST_ONLY; can_PASS_now=NO
D1,D (Sensing / Measurement),LCVD Off / Mode D Status,LCVD_on=False AND Mode B validated,BLOCKED,,,BLOCKED,MODE D BLOCKED — Mode B not passed.,Hardware IL-01.,false,BLOCKED_PREREQUISITE,NO,see validation_matrix.csv,see status_reason,FORECAST_ONLY; can_PASS_now=NO
D2,D (Sensing / Measurement),Precursor Threshold (sv.P_CH4; FC-corrected),sv.P_CH4 < 5e-14 Pa at RGA port,1.2e-13,5e-14,Pa,BLOCKED,sv.P_CH4=1.20e-13Pa. FC-corrected threshold=5e-14Pa. Valve leakage into He3 line: 1.0e-09Pa steady-state (20000x above target; He3 positive pressure + IL-02 required).,RGA. He3 positive pressure. Double-valve isolation.,false,BLOCKED_PREREQUISITE,NO,see validation_matrix.csv,see status_reason,FORECAST_ONLY; can_PASS_now=NO
D3,D (Sensing / Measurement),Cooling Capacity (sv.P_total; G_eff ASSUMED; sinter unbuilt),sv.P_total < P_cool_MC (inequality satisfied under assumptions; not a PASS); G_eff ASSUMED=1e-5W/K; sinter not fabricated,4.131424483043939,200000.0,nW,CONDITIONAL,"sv.P_total=4131.4pW << P_cool=200uW (physics inequality satisfied under assumptions; not a PASS). G_eff: [ASSUMED=1e-05W/K; Ag sinter: DESIGN_SPECIFIED, not fabricated]. Gas lines: anchor at 77K+4K+1K+100mK (DESIGN_SPECIFIED, not installed).",Fabricate 45cm2 Ag sinter. Measure G_eff. Thermally anchor gas lines.,false,ASSUMED_OR_DESIGN_SPECIFIED,NO,see validation_matrix.csv,N/A,FORECAST_ONLY; can_PASS_now=NO
D4,D (Sensing / Measurement),T_sample (sv.T_sample; G_eff ASSUMED),sv.T_sample = T_fridge + sv.P_total/G_eff,10.413142448304393,10.0,mK,CONDITIONAL,sv.T_sample=10.4131mK. sv.G_eff=1e-05W/K [ASSUMED]. All heat terms in sv.solve() self-consistent.,Measure G_eff by step-response.,false,ASSUMED_OR_DESIGN_SPECIFIED,NO,see validation_matrix.csv,N/A,FORECAST_ONLY; can_PASS_now=NO
D5,D (Sensing / Measurement),G_eff / Sinter (marginal at worst-case),G_nom >= G_req = sv.P_total/dT_crit; from Kapitza,1.0162204675946866e-05,8.262848966087878e-06,W/K,CONDITIONAL,"Ag_sinter: [DESIGN_SPECIFIED] Ag sinter thermal interface (45 cm²). G_nom=1.016e-05W/K (margin 1.2x). WORST (alpha*0.5,A*0.5): G=2.54e-06W/K (FAILS). sv.G_eff=1e-05W/K [ASSUMED].",Fabricate 45cm2 Ag sinter. Measure G_eff.,false,ASSUMED_OR_DESIGN_SPECIFIED,NO,see validation_matrix.csv,N/A,FORECAST_ONLY; can_PASS_now=NO
D6,D (Sensing / Measurement),Laser Avg Heating (sv.P_opt; eta_abs ASSUMED),sv.P_opt = eta_abs*E_pulse*f_rep; eta_abs ASSUMED=0.05,500.00000000000006,1000000.0,pW,CONDITIONAL,sv.P_opt=500.0pW. eta_abs=0.05 [ASSUMED].,Measure eta_abs.,false,ASSUMED_OR_DESIGN_SPECIFIED,NO,see validation_matrix.csv,N/A,FORECAST_ONLY; can_PASS_now=NO
D7,D (Sensing / Measurement),Laser Transient — T_peak vs T_baseline,T_baseline=sv.T_sample (steady); T_peak=transient spike; tau_ballistic<<t_rep,673.0831453144457,,mK,CONDITIONAL,"T_baseline (steady-state operating point) = 10.413 mK. T_peak (transient pulse spike, Debye ballistic) = 673.083 mK -- NOT the baseline; cools completely before next pulse. sv.tau_ballistic = 42 ns << t_rep = 5 ms: no accumulation. sv.F_fluence = 6.11 J/m2 << F_abl = 1e4 J/m2 (safe). Phonon transport: ballistic at 10 mK (MFP >> 0.5 mm diamond). CONDITIONAL pending eta_abs measurement and time-resolved PL.",Measure eta_abs. Time-resolved PL to verify recovery.,false,ASSUMED_OR_DESIGN_SPECIFIED,NO,see validation_matrix.csv,N/A,FORECAST_ONLY; can_PASS_now=NO
D8,D (Sensing / Measurement),Sequence Timing (sv.tau_pi2),tau_seq = 3us + 2*sv.tau_pi2 + sv.T2e + 0.3us << Twin=5ms,11.252832487063259,5.0,us,CONDITIONAL,"sv.Omega_R=139591rad/s, sv.tau_pi2=11.25us. tau_pi2/T2*=1.13: DEGRADED (tau_pi2 approx T2*). sv.C_eff=0.0105 (pd=0.325/pulse from sv). tseq << Twin=5ms.",Increase P_mw or use resonator.,false,ASSUMED_OR_DESIGN_SPECIFIED,NO,see validation_matrix.csv,N/A,FORECAST_ONLY; can_PASS_now=NO
D9,D (Sensing / Measurement),Molecular Flow (sv.Kn_He; gas Knudsen number),sv.Kn_He = sv.lambda_He / L_char(10mm) >> 10,45.96970494031038,10.0,,DERIVED_CHECK,"He-3 gas mean free path: sv.lambda_He=0.46 m. Chamber length scale: L_char=10 mm. Knudsen number (gas): sv.Kn=lambda/L=46.0 >> 10 -- molecular flow confirmed. (Separate from phonon MFP, which >> sample thickness in ballistic regime.) Dosing geometry model required for quantitative flux calculation.",Specify full dosing geometry. Kn=46 confirms molecular (not viscous) flow.,false,DERIVED_FIRST_PRINCIPLES,NO,see validation_matrix.csv,N/A,FORECAST_ONLY; can_PASS_now=NO
D10a,D (Sensing / Measurement),H2 Engineering Readiness (bakeout+NEG+cryotrap+RGA),bakeout_executed AND NEG_installed AND cryotrap_installed AND RGA_verified,0,1,bool,BLOCKED,"bakeout_executed=False [NOT EXECUTED]. NEG_installed=False [NOT INSTALLED]. cryotrap_installed=False [NOT INSTALLED]. RGA_verified=False [NOT PERFORMED]. ALL four prerequisites required before D10b can give a valid physical result. Until D10a=PASS, Mode D cannot evaluate H2 contamination from real measurements.",Execute bakeout+NEG+cryotrap+RGA in sequence (Mode B). None may be skipped.,false,BLOCKED_PREREQUISITE,NO,see validation_matrix.csv,see status_reason,FORECAST_ONLY; can_PASS_now=NO
D10b,D (Sensing / Measurement),H2 Physical Result (from actual P_H2; blocked if D10a not done),theta_H2=s_H2*P_H2_actual*t/(sqrt(2pi*m*kT)*n_mono)<0.1%; D10a prerequisite,0.32152530696902126,0.1,%,BLOCKED,BLOCKED — D10a prerequisites not met. Current P_H2=1e-10Pa (pre-bakeout reality). theta_H2=0.322% -- cannot be evaluated until bakeout+NEG+RGA done. || HYPOTHETICAL FORECAST ONLY — NOT CURRENT STATE: post-bakeout P_H2=1e-12Pa -> theta=0.0032% (threshold would be satisfied in forecast only; not a PASS).,D10a must be PASS before D10b has meaning. P_H2 from RGA measurement.,false,BLOCKED_PREREQUISITE,NO,see validation_matrix.csv,see status_reason,FORECAST_ONLY; can_PASS_now=NO
D11,D (Sensing / Measurement),He-3 Coverage (sv.n_s),sv.n_s >= 3.3e18 m-2; He frozen (E_b/kT>>1),3.3e+18,3.3e+18,m-2,CONDITIONAL,sv.n_s=3.30e+18m-2 [ASSUMED]. T/T_F=0.00626<<1. He frozen: E_b/kT_s>>1 -> tau_des->inf. s_He UNKNOWN for F-diamond.,Measure s_He by TPD/QCM.,false,ASSUMED_OR_DESIGN_SPECIFIED,NO,see validation_matrix.csv,N/A,FORECAST_ONLY; can_PASS_now=NO
D12_G23,D (Sensing / Measurement),NV Charge State (UNKNOWN; not derivable),C_contr > 0 at 10mK under 532nm,,0.05,,UNKNOWN,NV_charge_val: [DESIGN_SPECIFIED] NV charge-state validation (ODMR at 10 mK). NOT derivable from thermal/vacuum state vector. Must measure by ODMR post-cycle. Co-equal bottleneck with tau_c.,ODMR at 10mK post-cycle (F15).,false,UNKNOWN,NO,see validation_matrix.csv,N/A,FORECAST_ONLY; can_PASS_now=NO
D13,D (Sensing / Measurement),Detection SNR (sv; pulse dephasing included),sv.SNR = sv.GDC/sv.delta_G >= 5,,5.0,SNR,CONDITIONAL,"sv.tau_c=4000us [UNKNOWN]. sv.GDC=1.89e+05rad/s. sv.T2e=3.460us. sv.C_eff=0.0105 (pd=0.325, tau_pi2=11.25us from sv). sv.SNR=28.9. Combined threshold (SNR>5, eps<1%): tau_c>292us. tau_c on F-diamond: UNKNOWN.",Ramsey + He-4 control. Measure tau_c.,false,ASSUMED_OR_DESIGN_SPECIFIED,NO,see validation_matrix.csv,N/A,FORECAST_ONLY; can_PASS_now=NO
D14,D (Sensing / Measurement),"Optical Collection (sv.tau_pi2, T2e)",dark_frac = Ndk/(Nph+Ndk) < 20%,14.19701579658923,20.0,%,CONDITIONAL,"eta_col_cal: [DESIGN_SPECIFIED] Optical collection efficiency calibration. eta_col=6.35% [ASSUMED]. N_seq=170. dark_frac=14%. SIL branch (F18): eta->30%, tau_c threshold->~12us.",Calibrate eta_col. Consider SIL.,false,ASSUMED_OR_DESIGN_SPECIFIED,NO,see validation_matrix.csv,N/A,FORECAST_ONLY; can_PASS_now=NO
D15,D (Sensing / Measurement),Rabi Control (sv.Omega_R),sv.Omega_R = gamma_NV * sv.B1 / 2,139591.19435935369,,rad/s,CONDITIONAL,Rabi_cal: [DESIGN_SPECIFIED] Rabi frequency calibration in cryostat. sv.Omega_R=139591rad/s. sv.B1=1.5855uT. sv.tau_pi2=11.25us / T2*=10us = 1.13 [DEGRADED]. Not measured in cryostat.,Measure Rabi in cryostat.,false,ASSUMED_OR_DESIGN_SPECIFIED,NO,see validation_matrix.csv,N/A,FORECAST_ONLY; can_PASS_now=NO
D16,D (Sensing / Measurement),MW Heating (sv.P_mw/sv.G_eff; both ASSUMED),dT_mw=sv.P_mw/sv.G_eff < 1%*sv.T_s (inequality satisfied under assumptions; not a PASS); P_mw and G_eff ASSUMED,100.0,104.13142448304394,uK,CONDITIONAL,dT_mw=1e-09W/1e-05W/K = 100uK. Threshold 1%*T_s=104.1uK. Ratio 0.010.,Verify NbN SC at 10mK.,false,ASSUMED_OR_DESIGN_SPECIFIED,NO,see validation_matrix.csv,N/A,FORECAST_ONLY; can_PASS_now=NO
D17,D (Sensing / Measurement),Vibration (sv.S_vib; Helmholtz),Gamma_vib = gNV*d2B*dr^2/2 << sv.delta_G,0.0008563809177888703,6538.60060421336,rad/s,CONDITIONAL,Helmholtz: [DESIGN_SPECIFIED] Helmholtz gradient-cancellation coil pair. S_vib_meas: [DESIGN_SPECIFIED] Vibration PSD measurement at NV position. sv.S_vib=1e-10m2/Hz [ASSUMED]. dr=50329.2pm. Helmholtz: Gamma_vib=0.001rad/s << sv.delta_G=6539rad/s. Gradient coil (1T/m): 8862rad/s >> delta_G (FAIL).,Helmholtz geometry. Measure S_vib.,false,ASSUMED_OR_DESIGN_SPECIFIED,NO,see validation_matrix.csv,N/A,FORECAST_ONLY; can_PASS_now=NO
D18,D (Sensing / Measurement),Mode-Local Secondary Thermal Feedback (all within Mode D),eps=sqrt(eps_thermo^2+eps_vib^2+eps_charge^2) < 0.01,10.000126473126242,1.0,% of dG,CONDITIONAL,"From sv (shared state vector): eps_thermo=sv.dOm_thermo/sv.delta_G=3.2885/6539=0.050%. eps_vib=0.001/6539=0.000%. eps_charge=10% [UNRESOLVED; He-4 control F16 required]. Static ZFS: dOm_opt=23rad/s, dOm_mw=46rad/s calibrated by ODMR (not in noise budget). Combined threshold: tau_c>292us.",He-4 control experiment F16.,false,ASSUMED_OR_DESIGN_SPECIFIED,NO,see validation_matrix.csv,N/A,FORECAST_ONLY; can_PASS_now=NO
E01,A (Baseline / Stabilization),250°C/48h UHV Bakeout,bakeout_executed=True; T_bake>=250C; t_bake>=48h; post-bake P_H2<=2e-12Pa,0,1,,BLOCKED,SPECIFIED:No  INSTALLED:No  VERIFIED:No. Status=BLOCKED. CF chamber must be all-metal CF-flanged for 250°C bake. Current chamber: O-ring joints (limit: 120°C) — NOT BAKE-COMPATIBLE. bakeout_executed=False. Post-bake P_H2 target: <=2e-12 Pa (not measured).,Rebuild with CF flanges + Cu gaskets. Execute 250°C/48h bake. Measure P_H2 by RGA.,false,BLOCKED_PREREQUISITE,NO,see validation_matrix.csv,see status_reason,FORECAST_ONLY; can_PASS_now=NO
E02,A (Baseline / Stabilization),SAES St707 NEG Pump,NEG_installed=True; H2 pumping speed S_H2>=5L/s verified,0,1,,CONDITIONAL,"SPECIFIED:Yes  INSTALLED:No  VERIFIED:No. Status=CONDITIONAL. Design: SAES St707, 5 L/s H2 capacity. NOT INSTALLED. NEG must be activated (400°C/1h in separate oven) before installation. Pumping speed not measured. P_H2 post-NEG not verified.",Source SAES St707. Activate (400°C/1h). Install in chamber. Verify S_H2 by pressure-rise.,false,ASSUMED_OR_DESIGN_SPECIFIED,NO,see validation_matrix.csv,N/A,FORECAST_ONLY; can_PASS_now=NO
E03,A (Baseline / Stabilization),77K Charcoal Cryotrap,cryotrap_installed=True; S_cryo>=0.5m3/s for CH4 verified,0,1,,CONDITIONAL,"SPECIFIED:Yes  INSTALLED:No  VERIFIED:No. Status=CONDITIONAL. Design: 50g activated charcoal in OFHC Cu housing, 100cm² area. NOT INSTALLED. S_cryo~0.8 m³/s at 77K (100cm²) — not measured. Trapping efficiency for CH4 at 77K not verified on this geometry.",Fabricate 50g charcoal cryotrap. Install. Measure pumping speed by pressure-rise test.,false,ASSUMED_OR_DESIGN_SPECIFIED,NO,see validation_matrix.csv,N/A,FORECAST_ONLY; can_PASS_now=NO
E04,A (Baseline / Stabilization),RGA Engineering Readiness (hardware installed; all-species protocol exercised; FC-corrected),"RGA: CH4<5e-14, H2<2e-14 Pa at pump port (FC-corrected)",0,1,,BLOCKED,"SPECIFIED:No  INSTALLED:No  VERIFIED:No. Status=BLOCKED. RGA measurement not performed. FC correction factor (P_surface~100xP_pump) not calibrated. Threshold: CH4<5e-14, H2<2e-14 Pa at RGA pump port. Mode D gates D10a/D10b hard-interlocked on this gate.",Perform RGA scan after each purge cycle. Calibrate FC correction from conductance model.,false,BLOCKED_PREREQUISITE,NO,see validation_matrix.csv,see status_reason,FORECAST_ONLY; can_PASS_now=NO
E05,A (Baseline / Stabilization),Ag Sinter Thermal Interface (45cm²),sinter_fabricated=True; G_eff measured by step-response,0,1,,CONDITIONAL,"SPECIFIED:Yes  INSTALLED:No  VERIFIED:No. Status=CONDITIONAL. Design: 45 cm² sintered Ag in direct contact with diamond surface. NOT FABRICATED. G_eff=1e-5 W/K is ASSUMED from Kapitza model (±50%). Step-response measurement (apply 1 nW, measure ΔT_ss=P/G) not performed. Worst-case Kapitza: G_eff=2.5e-6 W/K < G_req=8.6e-6 W/K (FAILS).",Fabricate 45cm² Ag sinter. Press-bond to diamond. Measure G_eff=P/ΔT_ss.,false,ASSUMED_OR_DESIGN_SPECIFIED,NO,see validation_matrix.csv,N/A,FORECAST_ONLY; can_PASS_now=NO
E06,A (Baseline / Stabilization),Kevlar/G10 Intercepted Suspension,suspension_installed=True; G_cond measured; S_vib measured at NV,0,1,,CONDITIONAL,SPECIFIED:Yes  INSTALLED:No  VERIFIED:No. Status=CONDITIONAL. Design: Kevlar/G10 suspension with thermal interception at each stage. NOT INSTALLED. G_cond (wiring+suspension conduction) ASSUMED=2.46 nW. S_vib at NV location not measured. Helmholtz coil geometry not built.,Fabricate Kevlar/G10 suspension. Install Helmholtz coil. Measure S_vib at NV location.,false,ASSUMED_OR_DESIGN_SPECIFIED,NO,see validation_matrix.csv,N/A,FORECAST_ONLY; can_PASS_now=NO
E07,A (Baseline / Stabilization),Independent Per-Species Gas Delivery Lines (×5),5 lines installed; each leak-checked; each thermally anchored; conductance calibrated,0,5,,CONDITIONAL,"SPECIFIED:Yes  INSTALLED:No  VERIFIED:No. Status=CONDITIONAL. Design: 5 independent lines (¹³CH₄, H₂, ³He, ⁴He, purge). NOT INSTALLED. Valve leakage (1e-11 Pa·m³/s spec) gives P_CH4=1e-9 Pa in He-3 line steady-state (20,000× above target). Thermal anchoring at 77K+4K+1K+100mK not verified. Unanchored 1/4-inch tube from 100mK: 67,000 pW -> budget failure.",Install 5 independent SS lines. Leak-check each. Anchor at all stages. Verify conductance.,false,ASSUMED_OR_DESIGN_SPECIFIED,NO,see validation_matrix.csv,N/A,FORECAST_ONLY; can_PASS_now=NO
E08,A (Baseline / Stabilization),Shuttered Cryo-Baffle / Molecular Beam Shutter,shutter_installed=True; conductance model verified; beam flux calibrated,0,1,,CONDITIONAL,SPECIFIED:Yes  INSTALLED:No  VERIFIED:No. Status=CONDITIONAL. Design: 3-shutter stack + labyrinth geometry (1000× CH4 suppression). NOT INSTALLED. Conductance C_laby=1.61e-10 m³/s (calculated); not measured. Shutter closure suppression (100×) not verified. He-3 beam flux calibration not performed.,Fabricate shutter stack + labyrinth. Measure C_laby. Calibrate He-3 beam flux.,false,ASSUMED_OR_DESIGN_SPECIFIED,NO,see validation_matrix.csv,N/A,FORECAST_ONLY; can_PASS_now=NO
E09,A (Baseline / Stabilization),MW Attenuation and Thermal Anchoring (Thermocoax + RC filters),MW_thermal_anchored=True; P_mw at CPW verified <= 1nW,0,1,,CONDITIONAL,"SPECIFIED:Yes  INSTALLED:No  VERIFIED:No. Status=CONDITIONAL. Design: Thermocoax (100cm, 0.5mm OD) + Cu powder RC filters. P_mw=1 nW at CPW ASSUMED. NOT INSTALLED/MEASURED. Thermal anchoring at 4K and 100mK not verified. P_mw at CPW from room-temperature source not calibrated.",Install Thermocoax + RC filters. Calibrate P_mw at CPW. Measure thermal loads.,false,ASSUMED_OR_DESIGN_SPECIFIED,NO,see validation_matrix.csv,N/A,FORECAST_ONLY; can_PASS_now=NO
E10,A (Baseline / Stabilization),Vibration Isolation (Helmholtz geometry + pneumatic table),Helmholtz installed; S_vib at NV measured; dB/dz at NV measured,0,1,,CONDITIONAL,SPECIFIED:Yes  INSTALLED:No  VERIFIED:No. Status=CONDITIONAL. Design: Helmholtz coil geometry (near-zero gradient) + pneumatic isolation table. S_vib=1e-10 m²/Hz ASSUMED (Oxford Triton spec). NOT INSTALLED/MEASURED. dB/dz at NV not measured. Gamma_vib not experimentally bounded. Gradient coil (1 T/m) would give Gamma_vib=8862 rad/s >> delta_G (FAIL).,Install Helmholtz geometry. Measure S_vib and dB/dz at NV location.,false,ASSUMED_OR_DESIGN_SPECIFIED,NO,see validation_matrix.csv,N/A,FORECAST_ONLY; can_PASS_now=NO
E11,A (Baseline / Stabilization),Optical Collection Calibration (eta_col in cryostat),eta_col measured in cryostat; dark_frac verified < 20%,0,1,,BLOCKED,"SPECIFIED:No  INSTALLED:No  VERIFIED:No. Status=BLOCKED. eta_col=6.35% ASSUMED from room-temperature model (NA=0.9, 6 factors). NOT MEASURED in cryostat. Cryogenic window transmission not verified. SIL (solid immersion lens, F18) not installed. N_seq, N_ph computed from assumed eta_col — all detection SNR estimates provisional.",Calibrate eta_col in cryostat using known NV density. Verify dark_frac < 20%.,false,BLOCKED_PREREQUISITE,NO,see validation_matrix.csv,see status_reason,FORECAST_ONLY; can_PASS_now=NO
E12,A (Baseline / Stabilization),NV Charge-State Validation at 10mK (C_contr measurement),ODMR_10mK performed; C_contr > 0.05 confirmed,0,1,,BLOCKED,"SPECIFIED:No  INSTALLED:No  VERIFIED:No. Status=BLOCKED. C_contr at 10mK UNKNOWN. ODMR post-cryogenic cycle not performed. NV⁻ stability under 532 nm at 10mK not confirmed. If C_contr=0 (charge switching to NV⁰), detection is impossible regardless of tau_c. Co-equal bottleneck with tau_c.",ODMR measurement at 10mK after full Mode A/B/C cycle (F15). Report C_contr.,false,BLOCKED_PREREQUISITE,NO,see validation_matrix.csv,see status_reason,FORECAST_ONLY; can_PASS_now=NO
E13,A (Baseline / Stabilization),Rabi Calibration in Cryostat (Omega_R measurement),Omega_R measured in cryostat; tau_pi2 < T2*,0,1,,BLOCKED,SPECIFIED:No  INSTALLED:No  VERIFIED:No. Status=BLOCKED. Omega_R=139591 rad/s ASSUMED from CPW near-field formula. NOT MEASURED. tau_pi2=11.25 µs ~ T2*(bare)=10 µs: DEGRADED RAMSEY REGIME. Current P_mw=1nW gives tau_pi2>T2* — pulse dephasing C_eff=0.0105 (not 0.10). FIX: increase P_mw or use CPW resonator (Q~30) for tau_pi2 << T2*.,"Measure Rabi oscillations in cryostat. If tau_pi2>T2*, increase P_mw or add resonator.",false,BLOCKED_PREREQUISITE,NO,see validation_matrix.csv,see status_reason,FORECAST_ONLY; can_PASS_now=NO
E14,A (Baseline / Stabilization),Ramsey T2* and tau_c Measurement (He-3 vs He-4 control),tau_c measured on F-diamond at 10mK; T2* measured; tau_c > 292us confirmed,0,1,,BLOCKED,SPECIFIED:No  INSTALLED:No  VERIFIED:No. Status=BLOCKED. tau_c UNKNOWN on F-terminated diamond at 10mK. T2*(bare)=10µs ASSUMED. Not measured in this geometry. tau_c is the DOMINANT MC failure: 66.2% of failed samples. Combined threshold: tau_c > 292µs (SNR>5 + eps_thermo<1%). Fermi-liquid estimate from graphite (1-4ms) not validated for F-diamond.,Ramsey on He-3 film vs He-4 control at 10mK. Measure tau_c. Compare to 292µs threshold.,false,BLOCKED_PREREQUISITE,NO,see validation_matrix.csv,see status_reason,FORECAST_ONLY; can_PASS_now=NO
Shield-RAD,A (Baseline / Stabilization),Measured radiation load into 10 mK below Mode D budget,P_rad_10mK_measured < P_Mode_D_radiation_budget,0,1,,BLOCKED,"SPECIFIED:No  INSTALLED:No  VERIFIED:No. Status=BLOCKED. Radiation load into 10 mK region (W) is UNKNOWN. SHIELD-001 (4 K OFHC shutter), SHIELD-002 (labyrinth baffles), SHIELD-003 (three-shutter stack) are DESIGN_SPECIFIED only. SHIELD-004 (RF-tight can), SHIELD-006 (cold apertures), SHIELD-007 (cold beam dumps) are NOT_INSTALLED. No radiometric sample-stage heat-load measurement in this system.",Radiometric sample-stage heat load with full shutter stack closed; baffle thermometry; verify below Mode D budget.,false,BLOCKED_PREREQUISITE,NO,see validation_matrix.csv,see status_reason,FORECAST_ONLY; can_PASS_now=NO
Shield-RF,A (Baseline / Stabilization),Microwave/RF leakage below Mode D heat AND dephasing budget,(P_RF_10mK + P_blackbody_4K_via_lines) < P_Mode_D_RF_budget AND NV_dephasing_RF < dephasing_budget,0,1,,BLOCKED,SPECIFIED:No  INSTALLED:No  VERIFIED:No. Status=BLOCKED. RF/microwave leakage into 10 mK is UNKNOWN. SHIELD-004 RF-tight can NOT_INSTALLED. SHIELD-005 staged IR/HF filters with thermal anchoring NOT_INSTALLED. Filter terminations not characterized. No closed-can vs open-can NV ODMR/Ramsey baseline.,Install SHIELD-004 + SHIELD-005 with filters terminating inside the can; measure sample-stage heat load and NV dephasing budget.,false,BLOCKED_PREREQUISITE,NO,see validation_matrix.csv,see status_reason,FORECAST_ONLY; can_PASS_now=NO
Shield-OPT,A (Baseline / Stabilization),No direct optical line-of-sight to 10 mK and optical scatter below budget,LOS_300K_to_10mK = FALSE AND P_scatter_10mK < P_Mode_D_optical_budget,0,1,,BLOCKED,SPECIFIED:No  INSTALLED:No  VERIFIED:No. Status=BLOCKED. Optical line-of-sight audit not performed. SHIELD-006 nested cold optical apertures NOT_INSTALLED. SHIELD-007 thermally anchored cold beam dumps NOT_INSTALLED. fs-laser scatter memory and NV-readout stray light unbudgeted.,Install aperture chain (50 K -> 4 K -> 1 K -> 100 mK); cold beam dumps at 4 K or 1 K; LOS audit per optical_line_of_sight_audit.csv.,false,BLOCKED_PREREQUISITE,NO,see validation_matrix.csv,see status_reason,FORECAST_ONLY; can_PASS_now=NO
Shield-MAG,A (Baseline / Stabilization),"Magnetic noise reduced while NV bias field remains stable, calibrated, ODMR-compatible",B_noise_rms_reduced AND |delta_B_NV_bias| < tolerance AND ODMR_contrast_unchanged,0,1,,BLOCKED,SPECIFIED:No  INSTALLED:No  VERIFIED:No. Status=BLOCKED. Magnetic shielding NOT_INSTALLED. SHIELD-010 cryogenic high-permeability shielding pending. SHIELD-011 superconducting shield is OPTIONAL and adds trapped-flux risk. No NV ODMR/Ramsey baseline with shielding in/out.,Install SHIELD-010 layered shielding; field map with shield in/out; NV ODMR baseline before/after; verify bias-field geometry preserved.,false,BLOCKED_PREREQUISITE,NO,see validation_matrix.csv,see status_reason,FORECAST_ONLY; can_PASS_now=NO
Shield-CHEM,A (Baseline / Stabilization),Cryopanel/baffle/shutter stack prevents Mode B chemical memory from reaching Mode D,RGA_species_residual_at_C_to_D < Mode_D_threshold(species) AND QCM_mass_uptake < spec AND witness_coupon_clean,0,1,,BLOCKED,"SPECIFIED:No  INSTALLED:No  VERIFIED:No. Status=BLOCKED. SHIELD-008 dirty/clean dual shutter stack NOT_INSTALLED. SHIELD-009 sacrificial cryopanels NOT_INSTALLED. Cryopanel saturation and regeneration behaviour ASSUMED per species; see cryopanel_memory_model.csv for H2, CH4, hydrocarbons, H2O, CO, CO2, fragments. No through-cycle RGA/QCM/coupon data.",Install SHIELD-008 + SHIELD-009; through-cycle RGA + QCM + witness coupon for every species in cryopanel_memory_model.csv.,false,BLOCKED_PREREQUISITE,NO,see validation_matrix.csv,see status_reason,FORECAST_ONLY; can_PASS_now=NO
C_to_D_Readiness,A (Baseline / Stabilization),Composite: Mode D entry requires every Mode C readiness sub-condition satisfied,"ALL(thermal, vacuum, contamination, radiation, RF, optical, vibration, NV_baseline) within Mode D spec",0,1,,BLOCKED,"SPECIFIED:No  INSTALLED:No  VERIFIED:No. Status=BLOCKED. Composite mode-transition gate. None of the Mode C readiness sub-conditions (see mode_transition_acceptance_tests.csv row T-C2D) has been measured. Architecture is mode-separated and interlocked: Mode D sensing is NOT performed during Mode B processing. Mode D may begin only after Mode C isolation, purge, cryopumping/baffling, thermal recovery, contamination verification, radiation/RF/optical/vibration checks, and NV-baseline requalification.",Execute T-C2D coordinated measurement: thermal + vacuum + RGA + QCM + coupon + radiation + RF + LOS + vibration + NV ODMR/Ramsey baseline.,false,BLOCKED_PREREQUISITE,NO,see validation_matrix.csv,see status_reason,FORECAST_ONLY; can_PASS_now=NO
RTB_JT_OPTIONAL_COOLING_PLANT,A (Baseline / Stabilization),Optional 4-8 module RTB/JT-class upstream cooling plant (4 K / shield / cryobaffle / Mode B dump stage),RTB_JT_selected=true AND RTB_JT_installed=true AND lift_curves_measured AND derated_lift_meets_required_W AND vibration<budget AND EMI<budget AND Mode_D_isolation_demonstrated,0,1,,BLOCKED,"SPECIFIED:No  INSTALLED:No  VERIFIED:No. Status=BLOCKED. Optional upstream cooling plant. Baseline DESIGN_OPTION = 4 modules; redundant/derated DESIGN_OPTION = 8 modules. Not a 10 mK cooler and not a replacement for the dilution/mixing chamber. No RTB/JT module is selected, installed, integrated, or validated in QTA. Per-module lift curves, derated thermal-link conductance, vibration spectrum at sensitive interfaces, EMI coupling against NV/microwave/readout chain, heat rejection, and Mode D isolation are all UNKNOWN. External basis (Creare RTB/JT class, 1 kW at 100 K down to 300 mW at 10 K; 4 K targeted) is a feasibility reference only, not a QTA hardware claim. PASS requires explicit module selection, integration, and measured Mode D isolation.","(1) Obtain vendor lift curves at target stage temperatures. (2) Compute N_modules = ceil((P_ModeA_dump + P_parasitic + P_margin) * safety_factor / P_lift_per_module_derated), safety_factor 2-4 until measured. (3) Measure derated thermal-link performance after integration. (4) Measure vibration spectrum at QTA sample / optical path / Mode D interfaces. (5) Measure EMI coupling against NV/microwave/readout chain. (6) Demonstrate that RTB/JT operation does not raise Mode D thermal, vibration, RF, magnetic, or optical noise above budget.",false,BLOCKED_PREREQUISITE,NO,see validation_matrix.csv,see status_reason,FORECAST_ONLY; can_PASS_now=NO
THERMAL_1D_STABILITY_CHECK,B (Material Processing / LCVD Growth),1D thermal solver numerically stable,diffusion_sanity rel_err < 0.10 AND finite AND solver=ok,2.069e-05,0.10,,DERIVED_CHECK,1D PDE reproduces analytic diffusion decay; fields finite; BDF converged. Numerical self-consistency only (MODEL_ONLY); not hardware-validated.,Hardware thermometry of the NV-layer during Mode B to validate the model.,false,DERIVED_FIRST_PRINCIPLES,NO,see validation_matrix.csv,N/A,FORECAST_ONLY; can_PASS_now=NO
THERMAL_2D_STABILITY_CHECK,B (Material Processing / LCVD Growth),2D axisymmetric thermal solver stable,2D fields finite AND axis non-singular AND solver=ok,axis_finite=True,finite,,DERIVED_CHECK,2D axisymmetric FV solver produces finite fields with no r=0 singularity (MODEL_ONLY).,Hardware validation of 2D thermal profile.,false,DERIVED_FIRST_PRINCIPLES,NO,see validation_matrix.csv,N/A,FORECAST_ONLY; can_PASS_now=NO
THERMAL_1D_MESH_CONVERGENCE_CHECK,B (Material Processing / LCVD Growth),1D thermal mesh convergence,|NV_T(400)-NV_T(200)|/NV_T < 0.15,1.847e-04,0.15,,DERIVED_CHECK,NV-layer temperature changes <15% between n=200 and n=400 (MODEL_ONLY mesh refinement).,Confirm against measured profiles.,false,DERIVED_FIRST_PRINCIPLES,NO,see validation_matrix.csv,N/A,FORECAST_ONLY; can_PASS_now=NO
THERMAL_2D_MESH_CONVERGENCE_CHECK,B (Material Processing / LCVD Growth),2D thermal mesh convergence,|NVmax(fine)-NVmax(med)|/NVmax < 0.25,1.269e-04,0.25,,DERIVED_CHECK,2D NV-layer max temperature changes <25% between medium and fine mesh (MODEL_ONLY).,Confirm against measured 2D profile.,false,DERIVED_FIRST_PRINCIPLES,NO,see validation_matrix.csv,N/A,FORECAST_ONLY; can_PASS_now=NO
KAPITZA_BC_CHECK,B (Material Processing / LCVD Growth),Kapitza backside boundary sign-correct,T>Tf -> heat leaves; T<Tf -> heat enters,sign_correct=True,True,,DERIVED_CHECK,Backside Kapitza-radiative term cools when hotter than the fridge and warms when colder (MODEL_ONLY). alpha_K is ASSUMED.,Measure interfacial (Kapitza) conductance at 10 mK.,false,DERIVED_FIRST_PRINCIPLES,NO,see validation_matrix.csv,N/A,FORECAST_ONLY; can_PASS_now=NO
MOVING_BOUNDARY_MODEL_CHECK,B (Material Processing / LCVD Growth),Moving-boundary front model present,s(t)=s0+v_front*t implemented; Stefan-ready structure,implemented(v_front=0 first pass),implemented,,DERIVED_CHECK,Front position is integrated as s(t)=s0+v_front*t and the code is structured for a later Stefan condition. First pass uses v_front=0 (static front). MODEL_ONLY / FORECAST_ONLY.,Supply measured growth-front velocity / latent-heat data.,false,DERIVED_FIRST_PRINCIPLES,NO,see validation_matrix.csv,N/A,FORECAST_ONLY; can_PASS_now=NO
OPTICAL_ABSORPTION_PROFILE_CHECK,B (Material Processing / LCVD Growth),Optical absorption energy-conserving,int Q dV == absorbed power within tol (1D & 2D),1D rel=4.25e-04; 2D rel=6.60e-03,0.10,,DERIVED_CHECK,"Beer-Lambert (depth) x Gaussian (radial) deposition integrates to the absorbed power within tolerance (MODEL_ONLY). alpha, absorbed_fraction ASSUMED.","Measure absorption coefficient and absorbed fraction at 1030 nm, 10 mK.",false,DERIVED_FIRST_PRINCIPLES,NO,see validation_matrix.csv,N/A,FORECAST_ONLY; can_PASS_now=NO
GAS_TRANSPORT_STABILITY_CHECK,C (Isolation / Purge),Gas-transport PDE stable & finite,advection-diffusion-sink finite; non-negative; solver ok,finite_nonneg,finite,,DERIVED_CHECK,1D advection-diffusion-sink transport integrates stably with non-negative densities (MODEL_ONLY). Transport coefficients ASSUMED.,Measure species conductances / pumping speeds in the actual line.,false,DERIVED_FIRST_PRINCIPLES,NO,see validation_matrix.csv,N/A,FORECAST_ONLY; can_PASS_now=NO
LUMPED_MODEL_RETIRED_CHECK,B (Material Processing / LCVD Growth),Lumped model is comparator-only,non-lumped feeds gates; lumped only in comparison CSV,comparator_only,comparator_only,,DERIVED_CHECK,The legacy lumped thermal/gas estimate is retained ONLY in lumped_vs_nonlumped_comparison.csv as a regression sanity check; the non-lumped 1D/2D models are the gate authority (MODEL_ONLY).,N/A (bookkeeping check).,false,DERIVED_FIRST_PRINCIPLES,NO,see validation_matrix.csv,N/A,FORECAST_ONLY; can_PASS_now=NO
THREE_D_FUTURE_WORK_CHECK,ALL (multiphysics),3D multiphysics deferred (not faked),3D status == FUTURE_WORK/NOT_IMPLEMENTED; excluded from gates,FUTURE_WORK,FUTURE_WORK,,DERIVED_CHECK,3D solvers are explicitly NOT_IMPLEMENTED / FUTURE_WORK and are excluded from all physical gates. 1D (canonical) and 2D axisymmetric are the implemented non-lumped backends.,Implement real 3D solvers + verification + outputs before any 3D claim.,false,DERIVED_FIRST_PRINCIPLES,NO,see validation_matrix.csv,N/A,FORECAST_ONLY; can_PASS_now=NO
NV_LAYER_TEMPERATURE_CHECK,D (Sensing / Measurement),NV-layer recools for sensing,T_NV_layer(after Mode C) <= 50 mK,1.000e-02,5.000e-02,K,CONDITIONAL,Model forecasts the NV layer recools to base after Mode C. FORECAST_ONLY; REQUIRES_EXPERIMENT (NV thermometry). Not a validated result.,Measure NV-layer temperature post-recovery via ODMR thermometry.,false,ASSUMED_OR_DESIGN_SPECIFIED,NO,see validation_matrix.csv,N/A,FORECAST_ONLY; can_PASS_now=NO
HOTSPOT_MARGIN_CHECK,B (Material Processing / LCVD Growth),Mode B peak temperature within material margin,max_T(Mode B) below graphitization/damage margin,2.941e+01,DESIGN_MARGIN,K,CONDITIONAL,Reduced-order near-field model forecasts a peak temperature. The damage margin itself is ASSUMED; FORECAST_ONLY.,Measure local peak temperature / damage threshold under the actual pulse train.,false,ASSUMED_OR_DESIGN_SPECIFIED,NO,see validation_matrix.csv,N/A,FORECAST_ONLY; can_PASS_now=NO
POST_PULSE_DRIFT_CHECK,D (Sensing / Measurement),Post-recovery NV-layer drift small,post-pulse drift small over sensing window,1.681e-03,design,s,CONDITIONAL,Model forecasts the NV-layer temperature settles after Mode C. FORECAST_ONLY; REQUIRES_EXPERIMENT.,Measure temperature drift during the sensing window.,false,ASSUMED_OR_DESIGN_SPECIFIED,NO,see validation_matrix.csv,N/A,FORECAST_ONLY; can_PASS_now=NO
CRYOBAFFLE_CAPTURE_CHECK,C (Isolation / Purge),Cryobaffle captures process species,cryobaffle capture fraction adequate,ASSUMED_capture_profile,design,,CONDITIONAL,Capture probabilities are ASSUMED; the transport model uses them to forecast cleanup. FORECAST_ONLY.,Measure baffle capture efficiency for each species at temperature.,false,ASSUMED_OR_DESIGN_SPECIFIED,NO,see validation_matrix.csv,N/A,FORECAST_ONLY; can_PASS_now=NO
SURFACE_COVERAGE_DECAY_CHECK,D (Sensing / Measurement),Surface coverage decays before sensing,residual theta(after Mode C) < 1e-3,1.686e-10,1.0e-3,,CONDITIONAL,Langmuir model forecasts coverage decays during Mode C. Sticking and desorption energetics ASSUMED; FORECAST_ONLY; REQUIRES_EXPERIMENT.,Measure surface coverage (e.g. desorption spectroscopy) at 10 mK.,false,ASSUMED_OR_DESIGN_SPECIFIED,NO,see validation_matrix.csv,N/A,FORECAST_ONLY; can_PASS_now=NO
MICROWAVE_HEATING_PROFILE_CHECK,D (Sensing / Measurement),MW dissipation anchored away from NV,dissipated power at NV region within budget,path_distributed,design,,CONDITIONAL,Path-distributed attenuation model forecasts where MW power dissipates. Attenuations DESIGN_SPECIFIED; FORECAST_ONLY.,Measure attenuator heat loads and CPW termination dissipation at 10 mK.,false,ASSUMED_OR_DESIGN_SPECIFIED,NO,see validation_matrix.csv,N/A,FORECAST_ONLY; can_PASS_now=NO
RADIATION_VIEWFACTOR_CHECK,D (Sensing / Measurement),Radiation leakage to 10 mK bounded,sum q_ij reaching 10 mK within budget,view_factor_cascade,design,,CONDITIONAL,Staged view-factor cascade forecasts radiative load. Emissivities/view factors ASSUMED; FORECAST_ONLY.,Measure radiative heat load with shutter/baffle engaged.,false,ASSUMED_OR_DESIGN_SPECIFIED,NO,see validation_matrix.csv,N/A,FORECAST_ONLY; can_PASS_now=NO
VIBRATION_TRANSFER_CHECK,D (Sensing / Measurement),Vibration attenuated for sensing,NV-region amplitude below threshold; settled,banded_transfer,design,,CONDITIONAL,Banded transfer model forecasts vibration attenuation and settling. Transfer factors ASSUMED; FORECAST_ONLY.,Measure vibration spectrum at the sample mount.,false,ASSUMED_OR_DESIGN_SPECIFIED,NO,see validation_matrix.csv,N/A,FORECAST_ONLY; can_PASS_now=NO
RESIDUAL_SPECIES_MODE_D_CHECK,D (Sensing / Measurement),Residual process species cleared for Mode D,residual CH4/H2 at sample below sensing-safe level,CH4=0.00e+00; H2=2.60e+11,REQUIRES_MEASUREMENT,1/m^3,BLOCKED,Mode D sensing capability is itself BLOCKED (helium-isotope sensing not validated; Mode B feasibility not established). The transport model forecasts residuals but cannot be a PASS. FORECAST_ONLY.,Establish Mode B feasibility and validated Mode D sensing first; then measure residual partial pressures at the sample.,false,BLOCKED_PREREQUISITE,NO,see validation_matrix.csv,see status_reason,FORECAST_ONLY; can_PASS_now=NO
COUPLED_MODE_RECOVERY_CHECK,ALL (multiphysics),Full B->C->D recovery cycle viable,Mode D readiness from final distributed state,FORECAST_NOT_READY,REQUIRES_VALIDATION,,BLOCKED,"End-to-end recovery depends on unvalidated LCVD (Mode B) and unvalidated helium sensing (Mode D). The coupled model forecasts recovery (limiting process: surface_decay_s), but the full cycle cannot PASS pre-experiment. FORECAST_ONLY.","Validate Mode B and Mode D independently, then demonstrate a full cycle.",false,BLOCKED_PREREQUISITE,NO,see validation_matrix.csv,see status_reason,FORECAST_ONLY; can_PASS_now=NO
