gap_id,claim_or_parameter,current_status,why_gap_matters,affected_gate_or_risk,required_source_or_measurement,recommended_next_action
G001,Bibliography coverage: dilution refrigerator foundational reference (Lounasmaa1974),NO DIRECT CITATION,"general DR operation, base-T behaviour",source coverage; affects reviewer confidence,Add direct citation of Lounasmaa1974 (or equivalent) at the specific manuscript paragraph that makes a claim it supports.,Reviewer adds citation at appropriate paragraph (or selects alternative reference); no fake citations were inserted by the package owner.
G002,Bibliography coverage: millikelvin technology reference (Betts1989),NO DIRECT CITATION,general DR + mK instrumentation,source coverage; affects reviewer confidence,Add direct citation of Betts1989 (or equivalent) at the specific manuscript paragraph that makes a claim it supports.,Reviewer adds citation at appropriate paragraph (or selects alternative reference); no fake citations were inserted by the package owner.
G003,Bibliography coverage: low-T experimental techniques reference (Richardson1988),NO DIRECT CITATION,low-temperature methods,source coverage; affects reviewer confidence,Add direct citation of Richardson1988 (or equivalent) at the specific manuscript paragraph that makes a claim it supports.,Reviewer adds citation at appropriate paragraph (or selects alternative reference); no fake citations were inserted by the package owner.
G004,Bibliography coverage: He-4 thermal conductivity at low T (Pollack1969),NO DIRECT CITATION,He-4 thermal properties,source coverage; affects reviewer confidence,Add direct citation of Pollack1969 (or equivalent) at the specific manuscript paragraph that makes a claim it supports.,Reviewer adds citation at appropriate paragraph (or selects alternative reference); no fake citations were inserted by the package owner.
G005,Bibliography coverage: DR thermal anchoring (Frossati1978),NO DIRECT CITATION,wiring/anchor heat loads,source coverage; affects reviewer confidence,Add direct citation of Frossati1978 (or equivalent) at the specific manuscript paragraph that makes a claim it supports.,Reviewer adds citation at appropriate paragraph (or selects alternative reference); no fake citations were inserted by the package owner.
G006,Bibliography coverage: diamond thermal conductivity at low T (Anthony1990),NO DIRECT CITATION,diamond thermal properties for sample heat balance,source coverage; affects reviewer confidence,Add direct citation of Anthony1990 (or equivalent) at the specific manuscript paragraph that makes a claim it supports.,Reviewer adds citation at appropriate paragraph (or selects alternative reference); no fake citations were inserted by the package owner.
G007,Bibliography coverage: cryogenic material thermal conductivity review (Woodcraft2005),NO DIRECT CITATION,support material thermal conductivity,source coverage; affects reviewer confidence,Add direct citation of Woodcraft2005 (or equivalent) at the specific manuscript paragraph that makes a claim it supports.,Reviewer adds citation at appropriate paragraph (or selects alternative reference); no fake citations were inserted by the package owner.
G008,Bibliography coverage: cryogenic thermal conductivity below 1 K (RunyanJones2008),NO DIRECT CITATION,support material conductivity,source coverage; affects reviewer confidence,Add direct citation of RunyanJones2008 (or equivalent) at the specific manuscript paragraph that makes a claim it supports.,Reviewer adds citation at appropriate paragraph (or selects alternative reference); no fake citations were inserted by the package owner.
G009,Bibliography coverage: Kevlar at cryogenic temperatures (Rule1996),NO DIRECT CITATION,Kevlar support specification,source coverage; affects reviewer confidence,Add direct citation of Rule1996 (or equivalent) at the specific manuscript paragraph that makes a claim it supports.,Reviewer adds citation at appropriate paragraph (or selects alternative reference); no fake citations were inserted by the package owner.
G010,Bibliography coverage: cryogenic instrumentation (Risegari2004),NO DIRECT CITATION,low-T instrumentation,source coverage; affects reviewer confidence,Add direct citation of Risegari2004 (or equivalent) at the specific manuscript paragraph that makes a claim it supports.,Reviewer adds citation at appropriate paragraph (or selects alternative reference); no fake citations were inserted by the package owner.
G011,Bibliography coverage: NV review (DohertyPhysRep2013),NO DIRECT CITATION,NV physics foundational reference,source coverage; affects reviewer confidence,Add direct citation of DohertyPhysRep2013 (or equivalent) at the specific manuscript paragraph that makes a claim it supports.,Reviewer adds citation at appropriate paragraph (or selects alternative reference); no fake citations were inserted by the package owner.
G012,Bibliography coverage: NV review (WrachtrupJelezko2006),NO DIRECT CITATION,NV physics foundational reference,source coverage; affects reviewer confidence,Add direct citation of WrachtrupJelezko2006 (or equivalent) at the specific manuscript paragraph that makes a claim it supports.,Reviewer adds citation at appropriate paragraph (or selects alternative reference); no fake citations were inserted by the package owner.
G013,Bibliography coverage: NV magnetic resonance detection (StaudacherScience2013),NO DIRECT CITATION,NV detection of nuclear spins,source coverage; affects reviewer confidence,Add direct citation of StaudacherScience2013 (or equivalent) at the specific manuscript paragraph that makes a claim it supports.,Reviewer adds citation at appropriate paragraph (or selects alternative reference); no fake citations were inserted by the package owner.
G014,Bibliography coverage: NV magnetic resonance detection (MaminScience2013),NO DIRECT CITATION,NV detection of nuclear spins,source coverage; affects reviewer confidence,Add direct citation of MaminScience2013 (or equivalent) at the specific manuscript paragraph that makes a claim it supports.,Reviewer adds citation at appropriate paragraph (or selects alternative reference); no fake citations were inserted by the package owner.
G015,Bibliography coverage: NV ensemble coherence (BalasubramanianNatMater2009),NO DIRECT CITATION,shallow NV / ensemble coherence,source coverage; affects reviewer confidence,Add direct citation of BalasubramanianNatMater2009 (or equivalent) at the specific manuscript paragraph that makes a claim it supports.,Reviewer adds citation at appropriate paragraph (or selects alternative reference); no fake citations were inserted by the package owner.
G016,Bibliography coverage: NV detection methodology (MuellerNatComm2014),NO DIRECT CITATION,NV sensing methodology,source coverage; affects reviewer confidence,Add direct citation of MuellerNatComm2014 (or equivalent) at the specific manuscript paragraph that makes a claim it supports.,Reviewer adds citation at appropriate paragraph (or selects alternative reference); no fake citations were inserted by the package owner.
G017,Bibliography coverage: NV magnetometry (StaudacherNatPhys2015),NO DIRECT CITATION,NV magnetometry constraints,source coverage; affects reviewer confidence,Add direct citation of StaudacherNatPhys2015 (or equivalent) at the specific manuscript paragraph that makes a claim it supports.,Reviewer adds citation at appropriate paragraph (or selects alternative reference); no fake citations were inserted by the package owner.
G018,Bibliography coverage: NV experiments (GolterLukin2014),NO DIRECT CITATION,NV optical control,source coverage; affects reviewer confidence,Add direct citation of GolterLukin2014 (or equivalent) at the specific manuscript paragraph that makes a claim it supports.,Reviewer adds citation at appropriate paragraph (or selects alternative reference); no fake citations were inserted by the package owner.
G019,Bibliography coverage: NV decoherence / Ramsey / T2* (deLangeScience2010),NO DIRECT CITATION,NV T2* decoherence,source coverage; affects reviewer confidence,Add direct citation of deLangeScience2010 (or equivalent) at the specific manuscript paragraph that makes a claim it supports.,Reviewer adds citation at appropriate paragraph (or selects alternative reference); no fake citations were inserted by the package owner.
G020,Bibliography coverage: NV ensemble physics (AcostaEtAl2010),NO DIRECT CITATION,NV ensemble properties,source coverage; affects reviewer confidence,Add direct citation of AcostaEtAl2010 (or equivalent) at the specific manuscript paragraph that makes a claim it supports.,Reviewer adds citation at appropriate paragraph (or selects alternative reference); no fake citations were inserted by the package owner.
G021,Bibliography coverage: NV coherence (BalasubramanianNature2008),NO DIRECT CITATION,NV coherence at long times,source coverage; affects reviewer confidence,Add direct citation of BalasubramanianNature2008 (or equivalent) at the specific manuscript paragraph that makes a claim it supports.,Reviewer adds citation at appropriate paragraph (or selects alternative reference); no fake citations were inserted by the package owner.
G022,Bibliography coverage: CPW microwave delivery (BlankAPL1999),NO DIRECT CITATION,CPW design,source coverage; affects reviewer confidence,Add direct citation of BlankAPL1999 (or equivalent) at the specific manuscript paragraph that makes a claim it supports.,Reviewer adds citation at appropriate paragraph (or selects alternative reference); no fake citations were inserted by the package owner.
G023,Bibliography coverage: CPW losses at low T (GaoCPW2007),NO DIRECT CITATION,CPW cryogenic performance,source coverage; affects reviewer confidence,Add direct citation of GaoCPW2007 (or equivalent) at the specific manuscript paragraph that makes a claim it supports.,Reviewer adds citation at appropriate paragraph (or selects alternative reference); no fake citations were inserted by the package owner.
G024,Bibliography coverage: cryogenic CPW losses (Yeh2017),NO DIRECT CITATION,CPW heat load characterisation,source coverage; affects reviewer confidence,Add direct citation of Yeh2017 (or equivalent) at the specific manuscript paragraph that makes a claim it supports.,Reviewer adds citation at appropriate paragraph (or selects alternative reference); no fake citations were inserted by the package owner.
G025,Bibliography coverage: spin-noise spectroscopy (CrookerPRL2004),NO DIRECT CITATION,spin-noise detection methodology,source coverage; affects reviewer confidence,Add direct citation of CrookerPRL2004 (or equivalent) at the specific manuscript paragraph that makes a claim it supports.,Reviewer adds citation at appropriate paragraph (or selects alternative reference); no fake citations were inserted by the package owner.
G026,Bibliography coverage: He-3 measurements (GreywallPRB1990),NO DIRECT CITATION,He-3 surface dynamics,source coverage; affects reviewer confidence,Add direct citation of GreywallPRB1990 (or equivalent) at the specific manuscript paragraph that makes a claim it supports.,Reviewer adds citation at appropriate paragraph (or selects alternative reference); no fake citations were inserted by the package owner.
G027,Bibliography coverage: He-3 surface physics (Godfrin1995),NO DIRECT CITATION,He-3 / He-4 surface behaviour,source coverage; affects reviewer confidence,Add direct citation of Godfrin1995 (or equivalent) at the specific manuscript paragraph that makes a claim it supports.,Reviewer adds citation at appropriate paragraph (or selects alternative reference); no fake citations were inserted by the package owner.
G028,Bibliography coverage: modern vacuum physics reference (ChambersMVP2005),NO DIRECT CITATION,vacuum-system design,source coverage; affects reviewer confidence,Add direct citation of ChambersMVP2005 (or equivalent) at the specific manuscript paragraph that makes a claim it supports.,Reviewer adds citation at appropriate paragraph (or selects alternative reference); no fake citations were inserted by the package owner.
G029,Bibliography coverage: Knudsen flow foundational paper (Knudsen1909),NO DIRECT CITATION,molecular-flow regime,source coverage; affects reviewer confidence,Add direct citation of Knudsen1909 (or equivalent) at the specific manuscript paragraph that makes a claim it supports.,Reviewer adds citation at appropriate paragraph (or selects alternative reference); no fake citations were inserted by the package owner.
G030,Bibliography coverage: atomic / molecular beam methods (Scoles1988),NO DIRECT CITATION,molecular beam dosing methodology,source coverage; affects reviewer confidence,Add direct citation of Scoles1988 (or equivalent) at the specific manuscript paragraph that makes a claim it supports.,Reviewer adds citation at appropriate paragraph (or selects alternative reference); no fake citations were inserted by the package owner.
G031,Bibliography coverage: bakeout effectiveness (CalderLewin1967),NO DIRECT CITATION,bakeout protocol design,source coverage; affects reviewer confidence,Add direct citation of CalderLewin1967 (or equivalent) at the specific manuscript paragraph that makes a claim it supports.,Reviewer adds citation at appropriate paragraph (or selects alternative reference); no fake citations were inserted by the package owner.
G032,Bibliography coverage: outgassing rates (Dylla1993),NO DIRECT CITATION,outgassing characterisation,source coverage; affects reviewer confidence,Add direct citation of Dylla1993 (or equivalent) at the specific manuscript paragraph that makes a claim it supports.,Reviewer adds citation at appropriate paragraph (or selects alternative reference); no fake citations were inserted by the package owner.
G033,Bibliography coverage: QCM coverage tracking (VoinovaPSS1999),NO DIRECT CITATION,QCM calibration,source coverage; affects reviewer confidence,Add direct citation of VoinovaPSS1999 (or equivalent) at the specific manuscript paragraph that makes a claim it supports.,Reviewer adds citation at appropriate paragraph (or selects alternative reference); no fake citations were inserted by the package owner.
G034,Bibliography coverage: diamond optical absorption (GrimdischPRB1975),NO DIRECT CITATION,diamond optical properties,source coverage; affects reviewer confidence,Add direct citation of GrimdischPRB1975 (or equivalent) at the specific manuscript paragraph that makes a claim it supports.,Reviewer adds citation at appropriate paragraph (or selects alternative reference); no fake citations were inserted by the package owner.
G035,Bibliography coverage: NV implantation (Pezzagna2010),NO DIRECT CITATION,NV creation by ion implantation,source coverage; affects reviewer confidence,Add direct citation of Pezzagna2010 (or equivalent) at the specific manuscript paragraph that makes a claim it supports.,Reviewer adds citation at appropriate paragraph (or selects alternative reference); no fake citations were inserted by the package owner.
G036,Bibliography coverage: CVD diamond growth (ButlerDRM2009),NO DIRECT CITATION,"CVD diamond growth, LCVD baseline",source coverage; affects reviewer confidence,Add direct citation of ButlerDRM2009 (or equivalent) at the specific manuscript paragraph that makes a claim it supports.,Reviewer adds citation at appropriate paragraph (or selects alternative reference); no fake citations were inserted by the package owner.
G037,Bibliography coverage: diamond surface chemistry (OsawaDRM2007),NO DIRECT CITATION,diamond surface properties,source coverage; affects reviewer confidence,Add direct citation of OsawaDRM2007 (or equivalent) at the specific manuscript paragraph that makes a claim it supports.,Reviewer adds citation at appropriate paragraph (or selects alternative reference); no fake citations were inserted by the package owner.
G038,Bibliography coverage: LCVD processes (GrotjohnDRM1994),NO DIRECT CITATION,LCVD process baseline,source coverage; affects reviewer confidence,Add direct citation of GrotjohnDRM1994 (or equivalent) at the specific manuscript paragraph that makes a claim it supports.,Reviewer adds citation at appropriate paragraph (or selects alternative reference); no fake citations were inserted by the package owner.
G039,Bibliography coverage: NV ensemble characterisation (BrownPRB2016),NO DIRECT CITATION,NV ensemble characterisation,source coverage; affects reviewer confidence,Add direct citation of BrownPRB2016 (or equivalent) at the specific manuscript paragraph that makes a claim it supports.,Reviewer adds citation at appropriate paragraph (or selects alternative reference); no fake citations were inserted by the package owner.
G040,Bibliography coverage: NV implantation methods (Siqueira2012),NO DIRECT CITATION,NV creation methodology,source coverage; affects reviewer confidence,Add direct citation of Siqueira2012 (or equivalent) at the specific manuscript paragraph that makes a claim it supports.,Reviewer adds citation at appropriate paragraph (or selects alternative reference); no fake citations were inserted by the package owner.
G041,Bibliography coverage: solid-state textbook (Kittel2005),NO DIRECT CITATION,general solid-state baseline,source coverage; affects reviewer confidence,Add direct citation of Kittel2005 (or equivalent) at the specific manuscript paragraph that makes a claim it supports.,Reviewer adds citation at appropriate paragraph (or selects alternative reference); no fake citations were inserted by the package owner.
G042,Bibliography coverage: thermal physics textbook (KittelKroemer1980),NO DIRECT CITATION,general thermal-physics baseline,source coverage; affects reviewer confidence,Add direct citation of KittelKroemer1980 (or equivalent) at the specific manuscript paragraph that makes a claim it supports.,Reviewer adds citation at appropriate paragraph (or selects alternative reference); no fake citations were inserted by the package owner.
G043,C_contr_10mK — NV ODMR contrast at 10 mK,INDIRECT,literature supports related claim but not this exact value,see action_needed in source_map.csv row,Measure ODMR at 10 mK on this sample,See source_map.csv for full detail.
G044,G_eff — T_s=T_fridge+P_total/G_eff,INDIRECT,literature supports related claim but not this exact value,see action_needed in source_map.csv row,Step-response after Ag sinter fabrication,See source_map.csv for full detail.
G045,Ag_sinter_area — 45 cm² design,UNKNOWN,parameter has no identified source; cannot be evaluated,see action_needed in source_map.csv row,Fabricate; measure actual area,See source_map.csv for full detail.
G046,Ag_sinter_fabrication_status — Not fabricated,UNKNOWN,parameter has no identified source; cannot be evaluated,see action_needed in source_map.csv row,Fabricate Ag sinter on diamond substrate,See source_map.csv for full detail.
G047,Kevlar_49_thermal_conductivity — κ≈5e-4 W/m/K at 10 mK,INDIRECT,literature supports related claim but not this exact value,see action_needed in source_map.csv row,Measure fiber conductance via step-response after fabrication,See source_map.csv for full detail.
G048,Kevlar_end_termination_strength — Crimp/epoxy termination,UNKNOWN,parameter has no identified source; cannot be evaluated,see action_needed in source_map.csv row,Slip test at cryogenic T after 10 thermal cycles,See source_map.csv for full detail.
G049,G10CR_thermal_conductivity — κ from Woodcraft tabulation,INDIRECT,literature supports related claim but not this exact value,see action_needed in source_map.csv row,Measure actual flexure conductance,See source_map.csv for full detail.
G050,G10CR_flexure_properties — Flexure stiffness/lateral compliance,UNKNOWN,parameter has no identified source; cannot be evaluated,see action_needed in source_map.csv row,Stiffness measurement; cooldown cycle test,See source_map.csv for full detail.
G051,thermal_intercept_clamps — Staged at 4K/1K/100mK/10mK,UNKNOWN,parameter has no identified source; cannot be evaluated,see action_needed in source_map.csv row,Contact-resistance measurement per stage,See source_map.csv for full detail.
G052,anchor_block_conductance — Low-Rcontact via gold plating,UNKNOWN,parameter has no identified source; cannot be evaluated,see action_needed in source_map.csv row,Step-response measurement per block,See source_map.csv for full detail.
G053,P_support_hybrid — P_support≈0.167 nW (Kevlar/G-10CR),ASSUMED,parameter value assumed; no measurement; may not generalize,see action_needed in source_map.csv row,Fabricate; step-response thermometry,See source_map.csv for full detail.
G054,residual_H2_pressure — ~1e-10 Pa estimate,ASSUMED,parameter value assumed; no measurement; may not generalize,see action_needed in source_map.csv row,Execute bakeout + RGA,See source_map.csv for full detail.
G055,H2_coverage — theta=Phi*t/n_mono kinetic theory,ASSUMED,parameter value assumed; no measurement; may not generalize,see action_needed in source_map.csv row,Bakeout + RGA + coverage model,See source_map.csv for full detail.
G056,bakeout_temperature — 250°C UHV bakeout,INDIRECT,literature supports related claim but not this exact value,see action_needed in source_map.csv row,Execute bakeout; log temperature,See source_map.csv for full detail.
G057,bakeout_duration — 48 h,INDIRECT,literature supports related claim but not this exact value,see action_needed in source_map.csv row,Execute bakeout; log duration,See source_map.csv for full detail.
G058,cryotrap_performance — 77 K charcoal,INDIRECT,literature supports related claim but not this exact value,see action_needed in source_map.csv row,Install + measure pumping speed,See source_map.csv for full detail.
G059,RGA_sensitivity — FC-corrected species pressure,UNKNOWN,parameter has no identified source; cannot be evaluated,see action_needed in source_map.csv row,Install RGA; calibrate FC factor,See source_map.csv for full detail.
G060,QCM_noise_floor — Sub-0.1 Hz required at cryogenic T,REQUIRES_EXPERIMENT,parameter cannot be resolved by literature alone,see action_needed in source_map.csv row,Cryogenic QCM noise floor test,See source_map.csv for full detail.
G061,QCM_stability — Drift rate at operating T,REQUIRES_EXPERIMENT,parameter cannot be resolved by literature alone,see action_needed in source_map.csv row,Cryogenic drift test,See source_map.csv for full detail.
G062,PMB_flux — Pulsed molecular beam source,INDIRECT,literature supports related claim but not this exact value,see action_needed in source_map.csv row,Install PMB; calibrate flux vs pressure,See source_map.csv for full detail.
G063,PMB_dose — Dose per pulse,UNKNOWN,parameter has no identified source; cannot be evaluated,see action_needed in source_map.csv row,Define and calibrate dose protocol,See source_map.csv for full detail.
G064,cryo_baffle_shutter_timing — Actuation time at cryogenic T,REQUIRES_EXPERIMENT,parameter cannot be resolved by literature alone,see action_needed in source_map.csv row,Test shutter timing at cryogenic T,See source_map.csv for full detail.
G065,cryo_baffle_thermal_load — Radiation load to sample,REQUIRES_EXPERIMENT,parameter cannot be resolved by literature alone,see action_needed in source_map.csv row,Measure baffle radiation load to sample,See source_map.csv for full detail.
G066,independent_3He_line — Isolated dose line,UNKNOWN,parameter has no identified source; cannot be evaluated,see action_needed in source_map.csv row,Fabricate; leak-test; RGA-verify isolation,See source_map.csv for full detail.
G067,independent_4He_line — Isolated reference line,UNKNOWN,parameter has no identified source; cannot be evaluated,see action_needed in source_map.csv row,Fabricate; leak-test,See source_map.csv for full detail.
G068,CH4_process_line — LCVD precursor delivery,UNKNOWN,parameter has no identified source; cannot be evaluated,see action_needed in source_map.csv row,Fabricate; verify Mode B isolation,See source_map.csv for full detail.
G069,purge_line — Mode B inert purge + scroll pump,UNKNOWN,parameter has no identified source; cannot be evaluated,see action_needed in source_map.csv row,Fabricate; test pumpout efficiency,See source_map.csv for full detail.
G070,gas_isolation_leak_rate — <1e-10 Pa m3/s target,REQUIRES_EXPERIMENT,parameter cannot be resolved by literature alone,see action_needed in source_map.csv row,Leak test all gas lines,See source_map.csv for full detail.
G071,eta_abs — 0.05 estimate,INDIRECT,literature supports related claim but not this exact value,see action_needed in source_map.csv row,Transmission/reflection at 532 nm,See source_map.csv for full detail.
G072,E_pulse — 10 fJ design,UNKNOWN,parameter has no identified source; cannot be evaluated,see action_needed in source_map.csv row,Measure at sample,See source_map.csv for full detail.
G073,tau_pulse — 100 fs design,UNKNOWN,parameter has no identified source; cannot be evaluated,see action_needed in source_map.csv row,Pulse characterization (autocorrelator),See source_map.csv for full detail.
G074,f_rep — 1 MHz design,UNKNOWN,parameter has no identified source; cannot be evaluated,see action_needed in source_map.csv row,Measure actual rep rate,See source_map.csv for full detail.
G075,Pockels_cell — Replaces AOM for fs gating,UNKNOWN,parameter has no identified source; cannot be evaluated,see action_needed in source_map.csv row,Install; test at operating rep rate,See source_map.csv for full detail.
G076,microwave_dissipation — P_mw=1 nW assumed,ASSUMED,parameter value assumed; no measurement; may not generalize,see action_needed in source_map.csv row,Directional coupler measurement + step-response,See source_map.csv for full detail.
G077,microwave_attenuation_chain — Staged attenuators at 4K/1K/100mK/10mK,UNKNOWN,parameter has no identified source; cannot be evaluated,see action_needed in source_map.csv row,Install; verify attenuation and heat load,See source_map.csv for full detail.
G078,cryogenic_wiring_heat_load — P_cond=2.46 nW assumed,INDIRECT,literature supports related claim but not this exact value,see action_needed in source_map.csv row,Step-response thermometry,See source_map.csv for full detail.
G079,temperature_sensor_calibration — RuO2 calibration,UNKNOWN,parameter has no identified source; cannot be evaluated,see action_needed in source_map.csv row,Calibrate vs NIST-traceable standard,See source_map.csv for full detail.
G080,heater_step_response_power — G_eff measurement protocol,UNKNOWN,parameter has no identified source; cannot be evaluated,see action_needed in source_map.csv row,Install heater; perform step-response,See source_map.csv for full detail.
G081,vibration_to_heat_conversion — Mode-local model within Mode D,REQUIRES_EXPERIMENT,parameter cannot be resolved by literature alone,see action_needed in source_map.csv row,Model + measurement,See source_map.csv for full detail.
G082,d_NV — d_NV=10 nm SRIM target,INDIRECT,literature supports related claim but not this exact value,see action_needed in source_map.csv row,SIMS or PL depth post-implant,See source_map.csv for full detail.
G083,NV_density — Design target,UNKNOWN,parameter has no identified source; cannot be evaluated,see action_needed in source_map.csv row,PL counting,See source_map.csv for full detail.
G084,T2_star — 10 µs literature range,INDIRECT,literature supports related claim but not this exact value,see action_needed in source_map.csv row,Ramsey in cryostat on this sample,See source_map.csv for full detail.
G085,T2 — UNKNOWN,REQUIRES_EXPERIMENT,parameter cannot be resolved by literature alone,see action_needed in source_map.csv row,Hahn echo in cryostat,See source_map.csv for full detail.
G086,surface_spin_density — n_s=3.3e18 m^-2 from graphite analogy,INDIRECT,literature supports related claim but not this exact value,see action_needed in source_map.csv row,TPD or QCM on F-diamond,See source_map.csv for full detail.
G087,surface_termination — F-termination via XeF2 or CF4 plasma,UNKNOWN,parameter has no identified source; cannot be evaluated,see action_needed in source_map.csv row,XPS + AFM post-termination,See source_map.csv for full detail.
G088,molecular_flux — UNKNOWN,REQUIRES_EXPERIMENT,parameter cannot be resolved by literature alone,see action_needed in source_map.csv row,PMB flux calibration,See source_map.csv for full detail.
G089,LCVD_precursor — CH4 + fs laser,UNKNOWN,parameter has no identified source; cannot be evaluated,see action_needed in source_map.csv row,Develop LCVD process,See source_map.csv for full detail.
G090,"LCVD_process_isolation — Hardware interlock (IL-01, IL-02)",UNKNOWN,parameter has no identified source; cannot be evaluated,see action_needed in source_map.csv row,Install interlocks; test mode transitions,See source_map.csv for full detail.
G091,LCVD_surface_damage — UNKNOWN at 10 mK,REQUIRES_EXPERIMENT,parameter cannot be resolved by literature alone,see action_needed in source_map.csv row,Test LCVD on dummy sample; XPS before/after,See source_map.csv for full detail.
G092,C13_diamond — Not demonstrated,REQUIRES_EXPERIMENT,parameter cannot be resolved by literature alone,see action_needed in source_map.csv row,Separate development program,See source_map.csv for full detail.
G093,graphene_CNT — Future work only,REQUIRES_EXPERIMENT,parameter cannot be resolved by literature alone,see action_needed in source_map.csv row,Independent validation outside this framework,See source_map.csv for full detail.
G094,tau_c at 10 mK on actual diamond/³He surface,UNKNOWN,PRIMARY BOTTLENECK — canonical 292 µs threshold cannot be evaluated without measurement,D13 (Detection SNR); MC forecast; all downstream gates,In-system measurement of τ_c on real diamond at base temperature with controlled ³He coverage.,See FIRST_VALIDATION_EXPERIMENTS.md item C.
G095,C_contr at 10 mK,UNKNOWN,CO-EQUAL BOTTLENECK with τ_c — assumed values not verified at base temperature,"D13, D14, D12_G23",ODMR contrast measurement on the actual diamond at 10 mK with proposed readout geometry.,See FIRST_VALIDATION_EXPERIMENTS.md item A.
G096,³He vs ⁴He surface decoherence separability,UNKNOWN,Sensing premise relies on this being measurable above other decoherence sources,D11; τ_c interpretation,Paired ³He / ⁴He coverage measurement on same diamond.,See FIRST_VALIDATION_EXPERIMENTS.md item B.
G097,Mode B LCVD deposition yield per pulse,UNKNOWN,PRIMARY UNKNOWN for LCVD feasibility — no measurement; cannot evaluate growth viability,A9; A11; A10,Witness coupon + QCM + AFM/Raman/XPS after Mode B pulse train.,See FIRST_VALIDATION_EXPERIMENTS.md item F.
G098,Local surface T during Mode B LCVD pulse,UNKNOWN,Photolysis/pyrolysis condition unverifiable without this,A8,Pump-probe or fast thermometric measurement at growth surface.,See FIRST_VALIDATION_EXPERIMENTS.md.
G099,G_eff (silver-sinter heat-exchanger boundary conductance at 10 mK),ASSUMED,Used in thermal model; sinter not fabricated; value taken from Kapitza model,D3 and all derived heat-budget gates,Step-response measurement after sinter installation.,Listed in source_map.csv; see also assumed_parameters.json.
G100,Full source audit,UNKNOWN,Audit is REPRESENTATIVE_ONLY (7 rows); full audit requires ~100+ rows covering every numerical parameter,Submission readiness; reviewer trust,Complete the audit by tracing every numerical claim through to its strongest available source.,See source_audit_status.txt; package is explicitly INCOMPLETE on this dimension.
G101,"mp_k_ref (Reduced diamond k(T) anchor, boundary-limited phonon conduction)",ASSUMED / NO DIRECT MEASUREMENT,Reduced-order multiphysics input; affects forecast metrics feeding gate THERMAL_1D_STABILITY_CHECK;HOTSPOT_MARGIN_CHECK,THERMAL_1D_STABILITY_CHECK;HOTSPOT_MARGIN_CHECK,Measure diamond k(T) of the actual sample at cryogenic T,Measurement required before this parameter can carry a non-forecast status; no fabricated value used.
G102,mp_k_exponent (Reduced k(T) low-T power-law exponent (Casimir/boundary-limited)),ASSUMED / NO DIRECT MEASUREMENT,Reduced-order multiphysics input; affects forecast metrics feeding gate THERMAL_1D_MESH_CONVERGENCE_CHECK,THERMAL_1D_MESH_CONVERGENCE_CHECK,Measure k(T) slope at low T,Measurement required before this parameter can carry a non-forecast status; no fabricated value used.
G103,mp_k_plateau (Reduced k(T) high-T cap to avoid unphysical divergence),ASSUMED / NO DIRECT MEASUREMENT,Reduced-order multiphysics input; affects forecast metrics feeding gate HOTSPOT_MARGIN_CHECK,HOTSPOT_MARGIN_CHECK,Measure k(T) peak/plateau,Measurement required before this parameter can carry a non-forecast status; no fabricated value used.
G104,mp_alpha_K (Kapitza-radiative backside sink coefficient),ASSUMED / NO DIRECT MEASUREMENT,Reduced-order multiphysics input; affects forecast metrics feeding gate KAPITZA_BC_CHECK,KAPITZA_BC_CHECK,Measure interfacial (Kapitza) conductance at 10 mK,Measurement required before this parameter can carry a non-forecast status; no fabricated value used.
G105,mp_alpha_abs (Beer-Lambert absorption coefficient @1030nm in diamond),ASSUMED / NO DIRECT MEASUREMENT,Reduced-order multiphysics input; affects forecast metrics feeding gate OPTICAL_ABSORPTION_PROFILE_CHECK,OPTICAL_ABSORPTION_PROFILE_CHECK,"Measure absorption coefficient at 1030 nm, 10 mK",Measurement required before this parameter can carry a non-forecast status; no fabricated value used.
G106,mp_absorbed_fraction (Absorbed fraction of incident pulse energy),ASSUMED / NO DIRECT MEASUREMENT,Reduced-order multiphysics input; affects forecast metrics feeding gate OPTICAL_ABSORPTION_PROFILE_CHECK,OPTICAL_ABSORPTION_PROFILE_CHECK,Measure absorbed fraction under actual coupling,Measurement required before this parameter can carry a non-forecast status; no fabricated value used.
G107,mp_thermal_radius (Near-field thermal domain radius (reduced-order modelling choice)),ASSUMED / NO DIRECT MEASUREMENT,Reduced-order multiphysics input; affects forecast metrics feeding gate THERMAL_2D_MESH_CONVERGENCE_CHECK,THERMAL_2D_MESH_CONVERGENCE_CHECK,N/A (model-domain choice; documented),Measurement required before this parameter can carry a non-forecast status; no fabricated value used.
G108,mp_thermal_depth (Near-field thermal domain depth (reduced-order modelling choice)),ASSUMED / NO DIRECT MEASUREMENT,Reduced-order multiphysics input; affects forecast metrics feeding gate THERMAL_1D_MESH_CONVERGENCE_CHECK,THERMAL_1D_MESH_CONVERGENCE_CHECK,N/A (model-domain choice; documented),Measurement required before this parameter can carry a non-forecast status; no fabricated value used.
G109,mp_front_velocity (Moving-front velocity (static first pass; Stefan-ready structure)),ASSUMED / NO DIRECT MEASUREMENT,Reduced-order multiphysics input; affects forecast metrics feeding gate MOVING_BOUNDARY_MODEL_CHECK,MOVING_BOUNDARY_MODEL_CHECK,Measure growth-front velocity / supply latent-heat data,Measurement required before this parameter can carry a non-forecast status; no fabricated value used.
G110,mp_gas_D_CH4 (Effective axial diffusion of CH4 (molecular-flow surrogate)),ASSUMED / NO DIRECT MEASUREMENT,Reduced-order multiphysics input; affects forecast metrics feeding gate GAS_TRANSPORT_STABILITY_CHECK,GAS_TRANSPORT_STABILITY_CHECK,Measure CH4 conductance in the actual line,Measurement required before this parameter can carry a non-forecast status; no fabricated value used.
G111,mp_gas_v_eff (Effective species drift velocity toward the pump),ASSUMED / NO DIRECT MEASUREMENT,Reduced-order multiphysics input; affects forecast metrics feeding gate GAS_TRANSPORT_STABILITY_CHECK,GAS_TRANSPORT_STABILITY_CHECK,Measure net pumping drift,Measurement required before this parameter can carry a non-forecast status; no fabricated value used.
G112,mp_cryobaffle_capture_CH4 (Cryobaffle capture probability for CH4),ASSUMED / NO DIRECT MEASUREMENT,Reduced-order multiphysics input; affects forecast metrics feeding gate CRYOBAFFLE_CAPTURE_CHECK,CRYOBAFFLE_CAPTURE_CHECK,Measure baffle capture efficiency at temperature,Measurement required before this parameter can carry a non-forecast status; no fabricated value used.
G113,mp_pump_sink (Pump removal rate near the sink region),ASSUMED / NO DIRECT MEASUREMENT,Reduced-order multiphysics input; affects forecast metrics feeding gate GAS_TRANSPORT_STABILITY_CHECK,GAS_TRANSPORT_STABILITY_CHECK,Measure effective pumping speed,Measurement required before this parameter can carry a non-forecast status; no fabricated value used.
G114,mp_stick_CH4 (Sticking coefficient of CH4 on the cold surface),ASSUMED / NO DIRECT MEASUREMENT,Reduced-order multiphysics input; affects forecast metrics feeding gate SURFACE_COVERAGE_DECAY_CHECK,SURFACE_COVERAGE_DECAY_CHECK,Measure sticking coefficient at 10 mK,Measurement required before this parameter can carry a non-forecast status; no fabricated value used.
G115,mp_Edes_CH4 (Desorption energy of CH4 (physisorption scale)),ASSUMED / NO DIRECT MEASUREMENT,Reduced-order multiphysics input; affects forecast metrics feeding gate SURFACE_COVERAGE_DECAY_CHECK,SURFACE_COVERAGE_DECAY_CHECK,Measure desorption energetics (TPD) at the surface,Measurement required before this parameter can carry a non-forecast status; no fabricated value used.
G116,mp_Edes_He4 (Desorption energy of He4),ASSUMED / NO DIRECT MEASUREMENT,Reduced-order multiphysics input; affects forecast metrics feeding gate RESIDUAL_SPECIES_MODE_D_CHECK,RESIDUAL_SPECIES_MODE_D_CHECK,Measure He desorption energetics,Measurement required before this parameter can carry a non-forecast status; no fabricated value used.
G117,mp_rad_epsilon_eff (Effective emissivity for the radiation cascade),ASSUMED / NO DIRECT MEASUREMENT,Reduced-order multiphysics input; affects forecast metrics feeding gate RADIATION_VIEWFACTOR_CHECK,RADIATION_VIEWFACTOR_CHECK,Measure radiative load with shutter/baffle engaged,Measurement required before this parameter can carry a non-forecast status; no fabricated value used.
G118,mp_rad_view_factor (View factor for the staged radiation cascade),ASSUMED / NO DIRECT MEASUREMENT,Reduced-order multiphysics input; affects forecast metrics feeding gate RADIATION_VIEWFACTOR_CHECK,RADIATION_VIEWFACTOR_CHECK,Measure geometric view factors,Measurement required before this parameter can carry a non-forecast status; no fabricated value used.
G119,mp_vib_Q (Vibration settling quality factor),ASSUMED / NO DIRECT MEASUREMENT,Reduced-order multiphysics input; affects forecast metrics feeding gate VIBRATION_TRANSFER_CHECK,VIBRATION_TRANSFER_CHECK,Measure vibration spectrum/settling at the sample mount,Measurement required before this parameter can carry a non-forecast status; no fabricated value used.
